0,0,0,0,0,0,255,255,255,255,255,0,0,0,0,0,0,0,0,0,0,0,255,255,255,255,255,255,0,0,0,0,0,0,0,0,0,0,255,0,0,0,0,255,0,0,0,0,0,0,0,0,0,131,255,0,0,0,0,255,0,0,0,0,0,0,0,0,0,182,255,0,0,0,218,255,0,0,0,0,0,0,0,0,0,182,255,0,0,0,218,255,0,0,0,0,0,0,0,0,0,255,0,0,0,0,0,255,0,0,0,0,0,0,0,0,0,0,0,0,0,0,0,0,0,0,0,0,0,0,0,0,0,182,0,0,0,0,0,255,0,0,0,0,0,0,0,0,0,255,255,0,0,0,218,255,0,0,0,0,0,0,0,0,0,255,255,0,0,0,255,255,0,0,0,0,0,0,0,0,0,255,255,0,0,0,255,255,0,0,0,0,0,0,0,0,0,255,218,0,0,0,255,255,0,0,0,0,0,0,0,0,0,255,218,0,0,0,255,182,0,0,0,0,0,0,0,0,0,255,255,255,255,255,255,182,0,0,0,0,0,0,0,0,0,0,255,255,255,255,255,0,0,0,0,0,0
0,0,0,0,0,0,126,255,255,255,255,0,0,0,0,0,0,0,0,0,0,0,255,255,255,255,255,255,0,0,0,0,0,0,0,0,0,0,255,0,0,0,0,255,0,0,0,0,0,0,0,0,0,164,255,0,0,0,0,255,0,0,0,0,0,0,0,0,0,164,255,0,0,0,18,255,0,0,0,0,0,0,0,0,0,164,255,0,0,0,18,255,0,0,0,0,0,0,0,0,0,255,18,0,0,0,18,255,0,0,0,0,0,0,0,0,0,0,0,0,0,0,0,255,0,0,0,0,0,0,0,0,0,164,1,0,0,0,0,255,0,0,0,0,0,0,0,0,0,255,255,0,0,0,18,255,0,0,0,0,0,0,0,0,0,255,255,0,0,0,255,255,0,0,0,0,0,0,0,0,0,255,255,0,0,0,255,255,0,0,0,0,0,0,0,0,0,255,255,0,0,0,255,255,0,0,0,0,0,0,0,0,0,255,255,0,0,0,255,255,0,0,0,0,0,0,0,0,0,255,255,255,255,255,255,255,0,0,0,0,0,0,0,0,0,0,255,255,255,255,255,0,0,0,0,0,0
0,0,0,0,0,0,0,255,255,255,255,255,0,0,0,0,0,0,0,0,0,0,255,255,255,255,255,255,228,0,0,0,0,0,0,0,0,0,255,255,255,255,255,255,255,0,0,0,0,0,0,0,0,0,255,255,0,0,0,255,255,0,0,0,0,0,0,0,0,0,255,255,0,0,0,255,255,0,0,0,0,0,0,0,0,0,255,255,0,0,0,255,255,0,0,0,0,0,0,0,0,0,255,255,0,0,0,255,255,0,0,0,0,0,0,0,0,0,255,0,0,0,0,255,0,0,0,0,0,0,0,0,0,0,255,255,0,0,0,255,255,0,0,0,0,0,0,0,0,0,255,255,0,0,0,255,255,0,0,0,0,0,0,0,0,0,255,255,0,0,159,255,255,0,0,0,0,0,0,0,0,255,255,255,0,0,159,255,255,0,0,0,0,0,0,0,0,255,255,255,0,0,255,255,255,0,0,0,0,0,0,0,0,223,255,255,255,255,255,255,223,0,0,0,0,0,0,0,0,35,255,255,255,255,255,255,0,0,0,0,0,0,0,0,0,0,255,255,255,255,255,255,0,0,0,0,0
0,0,0,0,0,0,0,255,255,255,255,255,0,0,0,0,0,0,0,0,0,0,255,255,255,255,255,255,255,0,0,0,0,0,0,0,0,0,255,255,255,255,255,255,255,0,0,0,0,0,0,0,0,0,255,255,0,0,0,255,255,0,0,0,0,0,0,0,0,0,255,255,0,0,0,255,255,0,0,0,0,0,0,0,0,0,255,255,0,0,0,255,255,0,0,0,0,0,0,0,0,0,255,255,0,0,0,255,255,0,0,0,0,0,0,0,0,0,255,0,0,0,0,255,0,0,0,0,0,0,0,0,0,0,255,255,0,0,0,255,255,0,0,0,0,0,0,0,0,255,255,255,0,0,0,255,255,0,0,0,0,0,0,0,0,0,255,255,0,0,159,255,255,0,0,0,0,0,0,0,0,255,255,255,0,0,159,255,255,0,0,0,0,0,0,0,0,255,255,255,0,0,159,255,255,0,0,0,0,0,0,0,0,255,255,255,255,255,255,255,223,0,0,0,0,0,0,0,0,35,255,255,255,255,255,255,0,0,0,0,0,0,0,0,0,0,255,255,255,255,255,255,0,0,0,0,0
0,0,0,0,0,0,0,223,255,255,223,0,0,0,0,0,0,0,0,0,0,0,0,255,181,255,255,0,0,0,0,0,0,0,0,0,0,0,234,64,0,0,0,255,0,0,0,0,0,0,0,0,0,0,234,64,0,0,0,255,0,0,0,0,0,0,0,0,0,0,255,64,0,0,0,255,0,0,0,0,0,0,0,0,0,0,255,32,0,0,0,255,0,0,0,0,0,0,0,0,0,0,234,0,0,0,0,255,0,0,0,0,0,0,0,0,0,0,0,0,0,0,0,0,0,0,0,0,0,0,0,0,0,0,117,0,0,0,0,0,0,0,0,0,0,0,0,0,0,0,255,0,0,0,0,255,0,0,0,0,0,0,0,0,0,0,255,0,0,0,0,255,0,0,0,0,0,0,0,0,0,0,255,0,0,0,0,255,0,0,0,0,0,0,0,0,0,0,255,0,0,0,0,255,0,0,0,0,0,0,0,0,0,0,255,0,0,0,0,255,0,0,0,0,0,0,0,0,0,0,255,159,255,255,255,255,0,0,0,0,0,0,0,0,0,0,0,255,255,255,255,0,0,0,0,0,0
0,0,0,0,0,0,255,255,255,255,57,0,0,0,0,0,0,0,0,0,0,255,255,255,255,255,91,0,0,0,0,0,0,0,0,0,0,255,255,0,0,0,255,200,0,0,0,0,0,0,0,0,0,255,255,0,0,0,255,200,0,0,0,0,0,0,0,0,0,255,255,0,0,0,255,200,0,0,0,0,0,0,0,0,0,255,255,0,0,0,255,200,0,0,0,0,0,0,0,0,0,255,143,0,0,0,255,200,0,0,0,0,0,0,0,0,0,200,0,0,0,0,0,0,0,0,0,0,0,0,0,0,0,255,159,0,0,0,102,255,0,0,0,0,0,0,0,0,0,255,255,0,0,0,255,255,0,0,0,0,0,0,0,0,0,255,255,0,0,0,255,255,0,0,0,0,0,0,0,0,0,255,255,0,0,0,255,255,0,0,0,0,0,0,0,0,0,255,255,0,0,0,255,255,0,0,0,0,0,0,0,0,0,255,255,0,0,0,255,255,0,0,0,0,0,0,0,0,0,248,255,255,255,255,255,255,0,0,0,0,0,0,0,0,0,0,255,255,255,255,255,0,0,0,0,0,0
0,0,0,0,0,0,255,255,255,255,193,0,0,0,0,0,0,0,0,0,0,255,255,255,255,255,255,0,0,0,0,0,0,0,0,0,0,255,255,0,0,0,255,200,0,0,0,0,0,0,0,0,0,255,255,0,0,0,255,200,0,0,0,0,0,0,0,0,0,255,255,0,0,0,255,255,0,0,0,0,0,0,0,0,0,255,255,0,0,0,255,200,0,0,0,0,0,0,0,0,0,255,143,0,0,0,243,255,0,0,0,0,0,0,0,0,0,200,0,0,0,0,0,0,0,0,0,0,0,0,0,0,0,255,221,0,0,0,102,255,0,0,0,0,0,0,0,0,0,255,255,0,0,0,255,255,0,0,0,0,0,0,0,0,0,255,255,0,0,0,255,255,0,0,0,0,0,0,0,0,0,255,255,0,0,0,255,255,0,0,0,0,0,0,0,0,0,255,255,0,0,0,255,255,0,0,0,0,0,0,0,0,0,255,255,207,0,0,255,255,0,0,0,0,0,0,0,0,0,248,255,255,255,255,255,255,0,0,0,0,0,0,0,0,0,0,255,255,255,255,255,0,0,0,0,0,0
0,0,0,0,0,0,0,255,255,255,255,255,0,0,0,0,0,0,0,0,0,0,255,255,255,255,255,255,255,0,0,0,0,0,0,0,0,0,255,255,0,0,0,32,255,0,0,0,0,0,0,0,0,0,255,255,0,0,0,255,255,0,0,0,0,0,0,0,0,0,255,223,0,0,0,255,255,0,0,0,0,0,0,0,0,0,255,223,0,0,0,255,255,0,0,0,0,0,0,0,0,0,255,0,0,0,0,255,255,0,0,0,0,0,0,0,0,0,255,0,0,0,0,32,0,0,0,0,0,0,0,0,0,0,255,0,0,0,0,255,159,0,0,0,0,0,0,0,0,159,255,0,0,0,0,255,159,0,0,0,0,0,0,0,0,159,255,0,0,0,0,255,85,0,0,0,0,0,0,0,0,255,255,0,0,0,0,255,0,0,0,0,0,0,0,0,0,255,255,0,0,0,223,255,0,0,0,0,0,0,0,0,0,255,255,8,5,0,224,255,0,0,0,0,0,0,0,0,0,255,255,255,255,255,255,255,0,0,0,0,0,0,0,0,0,0,255,255,255,255,255,223,0,0,0,0,0
0,0,0,0,0,0,0,255,255,255,255,255,0,0,0,0,0,0,0,0,0,0,255,255,255,255,255,255,255,0,0,0,0,0,0,0,0,0,255,255,0,0,0,32,255,0,0,0,0,0,0,0,0,0,255,255,0,0,0,255,255,0,0,0,0,0,0,0,0,0,255,255,0,0,0,255,255,0,0,0,0,0,0,0,0,0,255,223,0,0,0,255,255,0,0,0,0,0,0,0,0,0,255,0,0,0,0,255,186,0,0,0,0,0,0,0,0,0,255,0,0,0,0,255,0,0,0,0,0,0,0,0,0,0,255,0,0,0,0,255,168,0,0,0,0,0,0,0,0,159,255,0,0,0,0,255,115,0,0,0,0,0,0,0,0,159,255,0,0,0,0,255,0,0,0,0,0,0,0,0,0,255,255,0,0,0,0,255,0,0,0,0,0,0,0,0,0,255,255,0,0,0,223,255,0,0,0,0,0,0,0,0,0,255,255,0,5,0,224,255,0,0,0,0,0,0,0,0,0,255,255,255,255,255,255,255,0,0,0,0,0,0,0,0,0,0,255,255,255,255,255,132,0,0,0,0,0
0,0,0,0,0,0,255,255,255,255,255,0,0,0,0,0,0,0,0,0,0,0,255,255,255,255,255,255,0,0,0,0,0,0,0,0,0,0,255,0,0,0,0,255,0,0,0,0,0,0,0,0,0,0,255,0,0,0,109,255,0,0,0,0,0,0,0,0,0,0,255,0,0,0,109,255,0,0,0,0,0,0,0,0,0,218,255,0,0,0,109,255,0,0,0,0,0,0,0,0,0,0,255,0,0,0,96,255,0,0,0,0,0,0,0,0,0,0,109,0,0,0,0,255,0,0,0,0,0,0,0,0,0,0,255,0,0,0,0,255,0,0,0,0,0,0,0,0,0,218,255,0,0,0,255,255,0,0,0,0,0,0,0,0,0,218,255,0,0,0,255,255,0,0,0,0,0,0,0,0,0,255,255,0,0,0,255,255,0,0,0,0,0,0,0,0,0,255,255,0,0,0,255,255,0,0,0,0,0,0,0,0,0,255,255,0,0,0,255,255,0,0,0,0,0,0,0,0,0,218,255,255,255,255,255,255,0,0,0,0,0,0,0,0,0,0,255,255,255,255,255,0,0,0,0,0,0
0,0,0,0,0,0,255,255,255,255,255,0,0,0,0,0,0,0,0,0,0,182,255,255,255,255,255,255,0,0,0,0,0,0,0,0,0,255,255,0,0,0,0,255,0,0,0,0,0,0,0,0,0,255,255,0,0,0,218,255,0,0,0,0,0,0,0,0,0,255,255,0,0,0,218,255,0,0,0,0,0,0,0,0,0,255,255,0,0,0,255,255,0,0,0,0,0,0,0,0,0,255,255,0,0,0,218,255,0,0,0,0,0,0,0,0,0,182,0,0,0,0,0,255,0,0,0,0,0,0,0,0,0,255,222,0,0,0,0,255,0,0,0,0,0,0,0,0,0,255,255,0,0,0,229,255,0,0,0,0,0,0,0,0,0,255,255,0,0,0,255,255,0,0,0,0,0,0,0,0,0,255,255,0,0,0,255,255,0,0,0,0,0,0,0,0,0,255,255,0,0,0,255,255,0,0,0,0,0,0,0,0,0,255,255,5,0,0,255,255,0,0,0,0,0,0,0,0,0,255,255,255,255,255,255,255,0,0,0,0,0,0,0,0,0,0,255,255,255,255,255,0,0,0,0,0,0
1,0,0,0,0,0,0,0,127,0,0,0,0,0,0,0,0,0,0,0,0,0,0,0,255,0,0,0,0,0,0,0,0,0,0,0,0,0,0,0,255,0,0,0,0,0,0,0,0,0,0,0,0,0,0,0,255,0,0,0,0,0,0,0,0,0,0,0,0,0,0,0,255,0,0,0,0,0,0,0,0,0,0,0,0,0,0,0,255,0,0,0,0,0,0,0,0,0,0,0,0,0,0,0,255,0,0,0,0,0,0,0,0,0,0,0,0,0,0,0,255,0,0,0,0,0,0,0,0,0,0,0,0,0,0,0,255,0,0,0,0,0,0,0,0,0,0,0,0,0,0,0,255,0,0,0,0,0,0,0,0,0,0,0,0,0,0,0,255,0,0,0,0,0,0,0,0,0,0,0,0,0,0,0,255,0,0,0,0,0,0,0,0,0,0,0,0,0,0,0,255,0,0,0,0,0,0,0,0,0,0,0,0,0,0,0,255,0,0,0,0,0,0,0,0,0,0,0,0,0,0,0,255,0,0,0,0,0,0,0,0,0,0,0,0,0,0,0,135,0,0,0,0,0,0,0,0
1,0,0,0,0,0,0,0,8,0,0,0,0,0,0,0,0,0,0,0,0,0,0,0,255,0,0,0,0,0,0,0,0,0,0,0,0,0,0,0,255,0,0,0,0,0,0,0,0,0,0,0,0,0,0,0,255,0,0,0,0,0,0,0,0,0,0,0,0,0,0,0,255,0,0,0,0,0,0,0,0,0,0,0,0,0,0,0,255,0,0,0,0,0,0,0,0,0,0,0,0,0,0,0,255,0,0,0,0,0,0,0,0,0,0,0,0,0,0,0,127,0,0,0,0,0,0,0,0,0,0,0,0,0,0,0,255,0,0,0,0,0,0,0,0,0,0,0,0,0,0,0,255,0,0,0,0,0,0,0,0,0,0,0,0,0,0,0,255,0,0,0,0,0,0,0,0,0,0,0,0,0,0,0,255,0,0,0,0,0,0,0,0,0,0,0,0,0,0,0,255,0,0,0,0,0,0,0,0,0,0,0,0,0,0,0,255,0,0,0,0,0,0,0,0,0,0,0,0,0,0,0,255,0,0,0,0,0,0,0,0,0,0,0,0,0,0,0,255,0,0,0,0,0,0,0,0
1,0,0,0,0,0,0,0,255,255,0,0,0,0,0,0,0,0,0,0,0,0,0,0,255,255,0,0,0,0,0,0,0,0,0,0,0,0,0,0,255,255,0,0,0,0,0,0,0,0,0,0,0,0,0,85,255,255,0,0,0,0,0,0,0,0,0,0,0,0,0,223,255,255,0,0,0,0,0,0,0,0,0,0,0,0,0,255,255,255,0,0,0,0,0,0,0,0,0,0,0,0,0,80,255,255,0,0,0,0,0,0,0,0,0,0,0,0,0,0,255,85,0,0,0,0,0,0,0,0,0,0,0,0,0,0,255,255,0,0,0,0,0,0,0,0,0,0,0,0,0,255,255,255,0,0,0,0,0,0,0,0,0,0,0,0,0,255,255,255,0,0,0,0,0,0,0,0,0,0,0,0,0,255,255,255,0,0,0,0,0,0,0,0,0,0,0,0,0,255,255,255,0,0,0,0,0,0,0,0,0,0,0,0,0,255,255,255,0,0,0,0,0,0,0,0,0,0,0,0,0,255,255,255,0,0,0,0,0,0,0,0,0,0,0,0,0,0,255,27,0,0,0,0,0,0,0
1,0,0,0,0,0,0,0,0,255,0,0,0,0,0,0,0,0,0,0,0,0,0,0,0,255,0,0,0,0,0,0,0,0,0,0,0,0,0,0,191,255,0,0,0,0,0,0,0,0,0,0,0,0,0,0,255,255,0,0,0,0,0,0,0,0,0,0,0,0,0,0,255,255,0,0,0,0,0,0,0,0,0,0,0,0,0,0,255,255,0,0,0,0,0,0,0,0,0,0,0,0,0,0,255,255,0,0,0,0,0,0,0,0,0,0,0,0,0,0,0,255,0,0,0,0,0,0,0,0,0,0,0,0,0,0,161,255,0,0,0,0,0,0,0,0,0,0,0,0,0,0,255,255,0,0,0,0,0,0,0,0,0,0,0,0,0,0,255,255,0,0,0,0,0,0,0,0,0,0,0,0,0,0,255,255,0,0,0,0,0,0,0,0,0,0,0,0,0,0,255,255,0,0,0,0,0,0,0,0,0,0,0,0,0,0,255,255,0,0,0,0,0,0,0,0,0,0,0,0,0,0,255,255,0,0,0,0,0,0,0,0,0,0,0,0,0,0,0,191,0,0,0,0,0,0,0
1,0,0,0,0,0,0,0,127,0,0,0,0,0,0,0,0,0,0,0,0,0,0,0,255,0,0,0,0,0,0,0,0,0,0,0,0,0,0,0,255,0,0,0,0,0,0,0,0,0,0,0,0,0,0,0,255,0,0,0,0,0,0,0,0,0,0,0,0,0,0,0,255,0,0,0,0,0,0,0,0,0,0,0,0,0,0,0,255,0,0,0,0,0,0,0,0,0,0,0,0,0,0,0,255,0,0,0,0,0,0,0,0,0,0,0,0,0,0,0,127,0,0,0,0,0,0,0,0,0,0,0,0,0,0,0,135,0,0,0,0,0,0,0,0,0,0,0,0,0,0,0,255,0,0,0,0,0,0,0,0,0,0,0,0,0,0,0,255,0,0,0,0,0,0,0,0,0,0,0,0,0,0,0,255,0,0,0,0,0,0,0,0,0,0,0,0,0,0,0,255,0,0,0,0,0,0,0,0,0,0,0,0,0,0,0,255,0,0,0,0,0,0,0,0,0,0,0,0,0,0,0,255,0,0,0,0,0,0,0,0,0,0,0,0,0,0,0,255,0,0,0,0,0,0,0,0
1,0,0,0,0,0,0,0,124,0,0,0,0,0,0,0,0,0,0,0,0,0,0,0,243,0,0,0,0,0,0,0,0,0,0,0,0,0,0,0,255,0,0,0,0,0,0,0,0,0,0,0,0,0,0,0,255,0,0,0,0,0,0,0,0,0,0,0,0,0,0,0,255,0,0,0,0,0,0,0,0,0,0,0,0,0,0,0,255,0,0,0,0,0,0,0,0,0,0,0,0,0,0,0,127,0,0,0,0,0,0,0,0,0,0,0,0,0,0,0,127,0,0,0,0,0,0,0,0,0,0,0,0,0,0,0,187,0,0,0,0,0,0,0,0,0,0,0,0,0,0,0,255,0,0,0,0,0,0,0,0,0,0,0,0,0,0,0,255,0,0,0,0,0,0,0,0,0,0,0,0,0,0,0,255,0,0,0,0,0,0,0,0,0,0,0,0,0,0,0,255,0,0,0,0,0,0,0,0,0,0,0,0,0,0,0,255,0,0,0,0,0,0,0,0,0,0,0,0,0,0,0,255,0,0,0,0,0,0,0,0,0,0,0,0,0,0,0,251,0,0,0,0,0,0,0,0
1,0,0,0,0,0,0,0,0,0,0,0,0,0,0,0,0,0,0,0,0,0,0,0,255,0,0,0,0,0,0,0,0,0,0,0,0,0,0,0,255,191,0,0,0,0,0,0,0,0,0,0,0,0,0,0,255,191,0,0,0,0,0,0,0,0,0,0,0,0,0,0,255,191,0,0,0,0,0,0,0,0,0,0,0,0,0,0,255,217,0,0,0,0,0,0,0,0,0,0,0,0,0,0,255,201,0,0,0,0,0,0,0,0,0,0,0,0,0,0,0,0,0,0,0,0,0,0,0,0,0,0,0,0,0,0,0,191,0,0,0,0,0,0,0,0,0,0,0,0,0,0,255,255,0,0,0,0,0,0,0,0,0,0,0,0,0,0,255,255,0,0,0,0,0,0,0,0,0,0,0,0,0,0,255,255,0,0,0,0,0,0,0,0,0,0,0,0,0,0,255,255,0,0,0,0,0,0,0,0,0,0,0,0,0,0,255,255,0,0,0,0,0,0,0,0,0,0,0,0,0,0,233,255,0,0,0,0,0,0,0,0,0,0,0,0,0,0,0,255,0,0,0,0,0,0,0
1,0,0,0,0,0,0,0,201,30,0,0,0,0,0,0,0,0,0,0,0,0,0,0,255,191,0,0,0,0,0,0,0,0,0,0,0,0,0,0,255,191,0,0,0,0,0,0,0,0,0,0,0,0,0,0,255,191,0,0,0,0,0,0,0,0,0,0,0,0,0,0,255,191,0,0,0,0,0,0,0,0,0,0,0,0,0,0,255,255,0,0,0,0,0,0,0,0,0,0,0,0,0,0,191,191,0,0,0,0,0,0,0,0,0,0,0,0,0,0,0,191,0,0,0,0,0,0,0,0,0,0,0,0,0,0,126,255,0,0,0,0,0,0,0,0,0,0,0,0,0,0,255,255,0,0,0,0,0,0,0,0,0,0,0,0,0,0,255,255,0,0,0,0,0,0,0,0,0,0,0,0,0,0,255,255,0,0,0,0,0,0,0,0,0,0,0,0,0,0,255,255,0,0,0,0,0,0,0,0,0,0,0,0,0,0,255,255,0,0,0,0,0,0,0,0,0,0,0,0,0,0,221,255,0,0,0,0,0,0,0,0,0,0,0,0,0,0,0,255,0,0,0,0,0,0,0
1,0,0,0,0,0,0,0,0,255,0,0,0,0,0,0,0,0,0,0,0,0,0,0,0,255,0,0,0,0,0,0,0,0,0,0,0,0,0,0,0,255,0,0,0,0,0,0,0,0,0,0,0,0,0,0,0,255,0,0,0,0,0,0,0,0,0,0,0,0,0,0,0,255,0,0,0,0,0,0,0,0,0,0,0,0,0,0,127,255,0,0,0,0,0,0,0,0,0,0,0,0,0,0,72,255,0,0,0,0,0,0,0,0,0,0,0,0,0,0,0,127,0,0,0,0,0,0,0,0,0,0,0,0,0,0,24,255,0,0,0,0,0,0,0,0,0,0,0,0,0,0,255,255,0,0,0,0,0,0,0,0,0,0,0,0,0,0,255,255,0,0,0,0,0,0,0,0,0,0,0,0,0,0,255,127,0,0,0,0,0,0,0,0,0,0,0,0,0,0,255,127,0,0,0,0,0,0,0,0,0,0,0,0,0,0,255,0,0,0,0,0,0,0,0,0,0,0,0,0,0,0,255,0,0,0,0,0,0,0,0,0,0,0,0,0,0,0,24,0,0,0,0,0,0,0,0
1,0,0,0,0,0,0,0,0,255,0,0,0,0,0,0,0,0,0,0,0,0,0,0,0,255,0,0,0,0,0,0,0,0,0,0,0,0,0,0,0,255,0,0,0,0,0,0,0,0,0,0,0,0,0,0,64,255,0,0,0,0,0,0,0,0,0,0,0,0,0,0,255,255,0,0,0,0,0,0,0,0,0,0,0,0,0,0,255,255,0,0,0,0,0,0,0,0,0,0,0,0,0,0,0,255,0,0,0,0,0,0,0,0,0,0,0,0,0,0,0,0,0,0,0,0,0,0,0,0,0,0,0,0,0,0,16,64,0,0,0,0,0,0,0,0,0,0,0,0,0,0,255,255,0,0,0,0,0,0,0,0,0,0,0,0,0,0,255,255,0,0,0,0,0,0,0,0,0,0,0,0,0,0,255,112,0,0,0,0,0,0,0,0,0,0,0,0,0,0,255,48,0,0,0,0,0,0,0,0,0,0,0,0,0,0,255,0,0,0,0,0,0,0,0,0,0,0,0,0,0,0,255,0,0,0,0,0,0,0,0,0,0,0,0,0,0,0,255,0,0,0,0,0,0,0,0
1,0,0,0,0,0,0,0,0,255,0,0,0,0,0,0,0,0,0,0,0,0,0,0,127,255,0,0,0,0,0,0,0,0,0,0,0,0,0,0,255,255,0,0,0,0,0,0,0,0,0,0,0,0,0,0,255,255,0,0,0,0,0,0,0,0,0,0,0,0,0,0,255,255,0,0,0,0,0,0,0,0,0,0,0,0,0,0,255,255,0,0,0,0,0,0,0,0,0,0,0,0,0,0,0,255,0,0,0,0,0,0,0,0,0,0,0,0,0,0,0,255,0,0,0,0,0,0,0,0,0,0,0,0,0,0,84,255,0,0,0,0,0,0,0,0,0,0,0,0,0,0,255,255,0,0,0,0,0,0,0,0,0,0,0,0,0,0,255,255,0,0,0,0,0,0,0,0,0,0,0,0,0,0,255,255,0,0,0,0,0,0,0,0,0,0,0,0,0,0,255,255,0,0,0,0,0,0,0,0,0,0,0,0,0,0,255,255,0,0,0,0,0,0,0,0,0,0,0,0,0,0,187,255,0,0,0,0,0,0,0,0,0,0,0,0,0,0,0,255,0,0,0,0,0,0,0
1,0,0,0,0,0,0,0,0,255,0,0,0,0,0,0,0,0,0,0,0,0,0,0,255,255,0,0,0,0,0,0,0,0,0,0,0,0,0,0,255,255,0,0,0,0,0,0,0,0,0,0,0,0,0,0,255,255,0,0,0,0,0,0,0,0,0,0,0,0,0,0,255,255,0,0,0,0,0,0,0,0,0,0,0,0,0,0,255,255,0,0,0,0,0,0,0,0,0,0,0,0,0,0,94,255,0,0,0,0,0,0,0,0,0,0,0,0,0,0,64,64,0,0,0,0,0,0,0,0,0,0,0,0,0,0,64,255,0,0,0,0,0,0,0,0,0,0,0,0,0,0,255,255,0,0,0,0,0,0,0,0,0,0,0,0,0,0,255,255,0,0,0,0,0,0,0,0,0,0,0,0,0,0,255,255,0,0,0,0,0,0,0,0,0,0,0,0,0,0,255,255,0,0,0,0,0,0,0,0,0,0,0,0,0,0,255,255,0,0,0,0,0,0,0,0,0,0,0,0,0,0,255,255,0,0,0,0,0,0,0,0,0,0,0,0,0,0,0,255,0,0,0,0,0,0,0
2,0,0,0,0,0,237,255,255,255,255,0,0,0,0,0,0,0,0,0,0,0,0,255,255,255,255,255,0,0,0,0,0,0,0,0,0,0,0,0,0,0,0,255,0,0,0,0,0,0,0,0,0,0,0,0,0,0,0,255,0,0,0,0,0,0,0,0,0,0,0,0,0,0,0,255,0,0,0,0,0,0,0,0,0,0,0,0,0,0,15,255,0,0,0,0,0,0,0,0,0,0,0,0,0,0,233,255,0,0,0,0,0,0,0,0,0,0,254,255,255,255,255,0,0,0,0,0,0,0,0,0,0,164,255,255,255,255,0,0,0,0,0,0,0,0,0,0,0,255,255,0,0,0,0,0,0,0,0,0,0,0,0,0,0,255,255,0,0,0,0,0,0,0,0,0,0,0,0,0,0,255,255,0,0,0,0,0,0,0,0,0,0,0,0,0,0,255,255,0,0,0,0,0,0,0,0,0,0,0,0,0,0,255,255,0,0,0,0,0,0,0,0,0,0,0,0,0,0,255,255,255,255,255,0,0,0,0,0,0,0,0,0,0,0,0,255,255,255,255,255,0,0,0,0,0,0
2,0,0,0,0,0,111,255,255,255,255,0,0,0,0,0,0,0,0,0,0,0,0,255,255,255,255,188,0,0,0,0,0,0,0,0,0,0,0,0,0,0,0,255,0,0,0,0,0,0,0,0,0,0,0,0,0,0,0,255,0,0,0,0,0,0,0,0,0,0,0,0,0,0,18,255,0,0,0,0,0,0,0,0,0,0,0,0,0,0,18,255,0,0,0,0,0,0,0,0,0,0,0,0,0,0,233,255,0,0,0,0,0,0,0,0,0,0,254,255,255,255,255,0,0,0,0,0,0,0,0,0,0,164,255,255,255,255,0,0,0,0,0,0,0,0,0,0,0,255,255,0,0,0,0,0,0,0,0,0,0,0,0,0,0,255,255,0,0,0,0,0,0,0,0,0,0,0,0,0,0,255,255,0,0,0,0,0,0,0,0,0,0,0,0,0,0,255,255,0,0,0,0,0,0,0,0,0,0,0,0,0,0,255,255,0,0,0,0,0,0,0,0,0,0,0,0,0,0,255,255,255,255,255,96,0,0,0,0,0,0,0,0,0,0,0,255,255,255,255,255,0,0,0,0,0,0
2,0,0,0,0,0,0,255,255,255,255,255,0,0,0,0,0,0,0,0,0,0,0,255,255,255,255,255,255,0,0,0,0,0,0,0,0,0,0,0,255,255,255,255,255,0,0,0,0,0,0,0,0,0,0,0,0,0,0,255,255,0,0,0,0,0,0,0,0,0,0,0,0,0,0,255,255,0,0,0,0,0,0,0,0,0,0,0,0,0,0,255,255,0,0,0,0,0,0,0,0,0,0,150,255,255,255,255,255,0,0,0,0,0,0,0,0,0,159,255,255,255,255,255,0,0,0,0,0,0,0,0,0,0,255,255,255,255,255,125,0,0,0,0,0,0,0,0,0,255,255,255,0,0,0,0,0,0,0,0,0,0,0,0,0,0,255,255,0,0,0,0,0,0,0,0,0,0,0,0,0,255,255,255,0,0,0,0,0,0,0,0,0,0,0,0,0,255,255,255,0,0,0,0,0,0,0,0,0,0,0,0,0,223,255,255,255,255,255,0,0,0,0,0,0,0,0,0,0,35,255,255,255,255,255,255,0,0,0,0,0,0,0,0,0,0,255,255,255,255,255,255,0,0,0,0,0
2,0,0,0,0,0,0,255,255,255,255,255,0,0,0,0,0,0,0,0,0,0,0,255,255,255,255,255,255,0,0,0,0,0,0,0,0,0,0,0,255,255,255,255,255,0,0,0,0,0,0,0,0,0,0,0,0,0,0,255,255,0,0,0,0,0,0,0,0,0,0,0,0,0,0,255,255,0,0,0,0,0,0,0,0,0,0,0,0,0,0,255,255,0,0,0,0,0,0,0,0,0,0,98,255,255,255,255,255,0,0,0,0,0,0,0,0,0,111,255,255,255,255,255,45,0,0,0,0,0,0,0,0,0,255,255,255,255,255,223,0,0,0,0,0,0,0,0,0,0,255,255,0,0,0,0,0,0,0,0,0,0,0,0,0,0,255,255,0,0,0,0,0,0,0,0,0,0,0,0,0,0,255,255,0,0,0,0,0,0,0,0,0,0,0,0,0,255,255,255,0,0,0,0,0,0,0,0,0,0,0,0,0,207,255,255,255,255,255,0,0,0,0,0,0,0,0,0,0,0,255,255,255,255,255,255,0,0,0,0,0,0,0,0,0,0,255,255,255,255,255,255,0,0,0,0,0
2,0,0,0,0,0,255,255,255,255,255,0,0,0,0,0,0,0,0,0,0,0,0,255,255,255,255,255,0,0,0,0,0,0,0,0,0,0,0,0,0,0,0,255,0,0,0,0,0,0,0,0,0,0,0,0,0,0,164,255,0,0,0,0,0,0,0,0,0,0,0,0,0,0,164,255,0,0,0,0,0,0,0,0,0,0,0,0,0,0,255,255,0,0,0,0,0,0,0,0,0,0,0,170,0,0,255,255,0,0,0,0,0,0,0,0,0,0,255,255,255,255,255,19,0,0,0,0,0,0,0,0,0,205,255,255,255,255,82,0,0,0,0,0,0,0,0,0,0,255,255,0,0,0,0,0,0,0,0,0,0,0,0,0,0,255,255,0,0,0,0,0,0,0,0,0,0,0,0,0,0,255,255,0,0,0,0,0,0,0,0,0,0,0,0,0,0,255,255,0,0,0,0,0,0,0,0,0,0,0,0,0,0,255,255,0,0,0,0,0,0,0,0,0,0,0,0,0,0,255,255,255,255,255,255,0,0,0,0,0,0,0,0,0,0,0,255,255,255,255,255,0,0,0,0,0,0
2,0,0,0,0,0,255,255,255,255,255,0,0,0,0,0,0,0,0,0,0,0,0,255,255,255,255,255,0,0,0,0,0,0,0,0,0,0,0,0,0,0,0,255,0,0,0,0,0,0,0,0,0,0,0,0,0,0,164,255,0,0,0,0,0,0,0,0,0,0,0,0,0,0,164,255,0,0,0,0,0,0,0,0,0,0,0,0,0,0,164,255,0,0,0,0,0,0,0,0,0,0,0,183,0,0,255,255,0,0,0,0,0,0,0,0,0,0,255,255,255,255,255,19,0,0,0,0,0,0,0,0,0,255,255,255,255,255,82,0,0,0,0,0,0,0,0,0,0,255,255,0,0,0,0,0,0,0,0,0,0,0,0,0,0,255,255,0,0,0,0,0,0,0,0,0,0,0,0,0,0,255,255,0,0,0,0,0,0,0,0,0,0,0,0,0,0,255,255,0,0,0,0,0,0,0,0,0,0,0,0,0,0,255,255,0,0,0,0,0,0,0,0,0,0,0,0,0,0,255,255,255,255,255,91,0,0,0,0,0,0,0,0,0,0,0,255,255,255,255,255,0,0,0,0,0,0
2,0,0,0,0,0,13,255,255,255,183,0,0,0,0,0,0,0,0,0,0,0,0,255,255,255,255,255,0,0,0,0,0,0,0,0,0,0,0,0,0,0,0,255,0,0,0,0,0,0,0,0,0,0,0,0,0,0,0,255,0,0,0,0,0,0,0,0,0,0,0,0,0,0,191,255,0,0,0,0,0,0,0,0,0,0,0,0,0,0,191,255,0,0,0,0,0,0,0,0,0,0,0,0,32,19,255,255,0,0,0,0,0,0,0,0,0,0,0,255,255,255,255,159,0,0,0,0,0,0,0,0,0,0,255,255,255,255,255,0,0,0,0,0,0,0,0,0,0,0,255,255,0,0,0,0,0,0,0,0,0,0,0,0,0,0,255,255,0,0,0,0,0,0,0,0,0,0,0,0,0,0,255,255,0,0,0,0,0,0,0,0,0,0,0,0,0,0,255,255,0,0,0,0,0,0,0,0,0,0,0,0,0,0,255,255,0,0,0,0,0,0,0,0,0,0,0,0,0,0,255,255,255,255,255,0,0,0,0,0,0,0,0,0,0,0,0,255,255,255,255,255,0,0,0,0,0
2,0,0,0,0,0,0,255,255,255,255,0,0,0,0,0,0,0,0,0,0,0,0,255,255,255,255,226,0,0,0,0,0,0,0,0,0,0,0,0,0,0,0,255,0,0,0,0,0,0,0,0,0,0,0,0,0,0,191,255,0,0,0,0,0,0,0,0,0,0,0,0,0,0,72,255,0,0,0,0,0,0,0,0,0,0,0,0,0,0,0,255,0,0,0,0,0,0,0,0,0,0,0,32,255,162,199,255,0,0,0,0,0,0,0,0,0,0,0,255,255,255,255,0,0,0,0,0,0,0,0,0,0,0,255,255,255,255,255,0,0,0,0,0,0,0,0,0,0,0,255,255,0,0,0,0,0,0,0,0,0,0,0,0,0,0,255,255,0,0,0,0,0,0,0,0,0,0,0,0,0,0,255,255,0,0,0,0,0,0,0,0,0,0,0,0,0,0,255,255,0,0,0,0,0,0,0,0,0,0,0,0,0,0,255,255,0,0,0,0,0,0,0,0,0,0,0,0,0,0,255,255,255,255,255,50,0,0,0,0,0,0,0,0,0,0,0,255,255,255,255,255,0,0,0,0,0
2,0,0,0,0,0,0,255,255,255,255,255,0,0,0,0,0,0,0,0,0,0,0,255,255,255,255,255,255,0,0,0,0,0,0,0,0,0,0,0,0,0,0,32,255,0,0,0,0,0,0,0,0,0,0,0,0,0,0,255,255,0,0,0,0,0,0,0,0,0,0,0,0,0,0,255,255,0,0,0,0,0,0,0,0,0,0,0,0,0,0,255,255,0,0,0,0,0,0,0,0,0,0,32,115,115,255,255,159,0,0,0,0,0,0,0,0,0,84,255,255,255,255,243,0,0,0,0,0,0,0,0,0,0,255,255,255,255,255,0,0,0,0,0,0,0,0,0,0,159,255,0,0,0,0,0,0,0,0,0,0,0,0,0,0,171,255,0,0,0,0,0,0,0,0,0,0,0,0,0,0,255,255,0,0,0,0,0,0,0,0,0,0,0,0,0,0,255,255,0,0,0,0,0,0,0,0,0,0,0,0,0,0,255,255,28,0,0,0,0,0,0,0,0,0,0,0,0,0,255,255,255,255,255,255,0,0,0,0,0,0,0,0,0,0,0,255,255,255,255,255,0,0,0,0,0,0
2,0,0,0,0,0,0,255,255,255,255,255,0,0,0,0,0,0,0,0,0,0,0,32,255,255,255,255,255,0,0,0,0,0,0,0,0,0,0,0,0,0,0,32,255,0,0,0,0,0,0,0,0,0,0,0,0,0,0,255,255,0,0,0,0,0,0,0,0,0,0,0,0,0,0,255,255,0,0,0,0,0,0,0,0,0,0,0,0,0,0,255,255,0,0,0,0,0,0,0,0,0,0,0,183,0,0,255,159,0,0,0,0,0,0,0,0,0,0,255,255,255,255,255,0,0,0,0,0,0,0,0,0,0,255,255,255,255,255,0,0,0,0,0,0,0,0,0,0,159,255,0,0,0,0,0,0,0,0,0,0,0,0,0,0,255,255,0,0,0,0,0,0,0,0,0,0,0,0,0,0,255,255,0,0,0,0,0,0,0,0,0,0,0,0,0,0,255,255,0,0,0,0,0,0,0,0,0,0,0,0,0,0,255,255,1,0,0,0,0,0,0,0,0,0,0,0,0,0,255,255,255,255,255,255,0,0,0,0,0,0,0,0,0,0,0,255,255,255,255,255,0,0,0,0,0,0
2,0,0,0,0,0,255,255,255,255,255,0,0,0,0,0,0,0,0,0,0,0,5,255,255,255,255,255,0,0,0,0,0,0,0,0,0,0,0,0,0,0,0,255,0,0,0,0,0,0,0,0,0,0,0,0,0,0,218,255,0,0,0,0,0,0,0,0,0,0,0,0,0,0,255,255,0,0,0,0,0,0,0,0,0,0,0,0,0,0,255,255,0,0,0,0,0,0,0,0,0,0,0,255,32,32,255,255,0,0,0,0,0,0,0,0,0,0,255,255,255,255,255,0,0,0,0,0,0,0,0,0,0,255,255,255,255,255,14,0,0,0,0,0,0,0,0,0,0,255,255,0,0,0,0,0,0,0,0,0,0,0,0,0,0,255,255,0,0,0,0,0,0,0,0,0,0,0,0,0,0,255,255,0,0,0,0,0,0,0,0,0,0,0,0,0,0,255,255,0,0,0,0,0,0,0,0,0,0,0,0,0,0,255,255,127,0,127,0,0,0,0,0,0,0,0,0,0,0,255,255,255,255,255,255,0,0,0,0,0,0,0,0,0,0,0,255,255,255,255,255,0,0,0,0,0,0
2,0,0,0,0,0,255,255,255,255,255,0,0,0,0,0,0,0,0,0,0,0,0,255,255,255,255,223,0,0,0,0,0,0,0,0,0,0,0,0,0,0,218,255,0,0,0,0,0,0,0,0,0,0,0,0,0,0,218,255,0,0,0,0,0,0,0,0,0,0,0,0,0,0,241,255,0,0,0,0,0,0,0,0,0,0,0,0,0,0,255,255,0,0,0,0,0,0,0,0,0,0,0,255,32,159,255,255,0,0,0,0,0,0,0,0,0,0,255,255,255,255,255,0,0,0,0,0,0,0,0,0,0,255,255,255,255,255,14,0,0,0,0,0,0,0,0,0,0,255,255,0,0,0,0,0,0,0,0,0,0,0,0,0,0,255,255,0,0,0,0,0,0,0,0,0,0,0,0,0,0,255,255,0,0,0,0,0,0,0,0,0,0,0,0,0,0,255,255,0,0,0,0,0,0,0,0,0,0,0,0,0,0,255,255,223,0,127,0,0,0,0,0,0,0,0,0,0,0,255,255,255,255,255,255,0,0,0,0,0,0,0,0,0,0,0,255,255,255,255,255,0,0,0,0,0,0
3,0,0,0,0,0,0,255,255,255,255,0,0,0,0,0,0,0,0,0,0,0,0,123,255,255,255,195,0,0,0,0,0,0,0,0,0,0,0,0,0,0,0,255,0,0,0,0,0,0,0,0,0,0,0,0,0,0,0,255,0,0,0,0,0,0,0,0,0,0,0,0,0,0,0,255,0,0,0,0,0,0,0,0,0,0,0,0,0,0,0,255,0,0,0,0,0,0,0,0,0,0,0,80,0,60,255,255,0,0,0,0,0,0,0,0,0,0,191,255,255,255,255,191,0,0,0,0,0,0,0,0,0,0,0,255,255,219,255,255,0,0,0,0,0,0,0,0,0,0,0,0,0,0,191,255,0,0,0,0,0,0,0,0,0,0,0,0,0,0,191,255,0,0,0,0,0,0,0,0,0,0,0,0,0,0,191,255,0,0,0,0,0,0,0,0,0,0,0,0,0,0,255,255,0,0,0,0,0,0,0,0,0,0,0,0,0,0,255,255,0,0,0,0,0,0,0,0,0,0,60,255,255,255,255,131,0,0,0,0,0,0,0,0,0,0,255,255,255,255,255,0,0,0,0,0,0
3,0,0,0,0,0,0,255,255,255,255,0,0,0,0,0,0,0,0,0,0,0,0,255,255,255,255,238,0,0,0,0,0,0,0,0,0,0,0,0,0,0,0,255,0,0,0,0,0,0,0,0,0,0,0,0,0,0,0,255,0,0,0,0,0,0,0,0,0,0,0,0,0,0,0,255,0,0,0,0,0,0,0,0,0,0,0,0,0,0,0,255,0,0,0,0,0,0,0,0,0,0,0,0,0,0,127,255,0,0,0,0,0,0,0,0,0,0,206,255,255,255,255,0,0,0,0,0,0,0,0,0,0,0,0,255,255,255,255,7,0,0,0,0,0,0,0,0,0,0,0,0,0,0,127,255,0,0,0,0,0,0,0,0,0,0,0,0,0,0,127,255,0,0,0,0,0,0,0,0,0,0,0,0,0,0,255,255,0,0,0,0,0,0,0,0,0,0,0,0,0,0,255,255,0,0,0,0,0,0,0,0,0,0,0,0,0,0,255,212,0,0,0,0,0,0,0,0,0,0,0,255,255,255,255,212,0,0,0,0,0,0,0,0,0,0,255,255,255,255,255,0,0,0,0,0,0
3,0,0,0,0,0,255,255,255,255,255,0,0,0,0,0,0,0,0,0,0,0,255,255,255,255,255,255,0,0,0,0,0,0,0,0,0,0,0,255,255,255,255,255,0,0,0,0,0,0,0,0,0,0,0,0,0,0,255,255,0,0,0,0,0,0,0,0,0,0,0,0,0,0,255,255,0,0,0,0,0,0,0,0,0,0,0,0,0,0,255,255,0,0,0,0,0,0,0,0,0,0,255,255,255,255,255,255,0,0,0,0,0,0,0,0,0,247,255,255,255,255,255,0,0,0,0,0,0,0,0,0,0,0,255,255,255,255,255,218,0,0,0,0,0,0,0,0,0,0,0,0,0,0,255,255,0,0,0,0,0,0,0,0,0,0,0,0,0,182,255,255,0,0,0,0,0,0,0,0,0,0,0,0,0,182,255,255,0,0,0,0,0,0,0,0,0,0,0,0,0,182,255,218,0,0,0,0,0,0,0,0,0,0,255,255,255,255,255,233,0,0,0,0,0,0,0,0,0,184,255,255,255,255,255,0,0,0,0,0,0,0,0,0,0,255,255,255,255,255,255,0,0,0,0,0,0
3,0,0,0,0,0,46,255,255,255,255,0,0,0,0,0,0,0,0,0,0,0,54,255,255,255,255,255,0,0,0,0,0,0,0,0,0,0,0,255,255,255,255,255,0,0,0,0,0,0,0,0,0,0,0,0,0,0,255,255,0,0,0,0,0,0,0,0,0,0,0,0,0,0,255,255,0,0,0,0,0,0,0,0,0,0,0,0,0,0,255,255,0,0,0,0,0,0,0,0,0,0,0,255,255,255,255,255,0,0,0,0,0,0,0,0,0,0,255,255,255,255,255,255,0,0,0,0,0,0,0,0,0,0,199,255,255,255,255,255,0,0,0,0,0,0,0,0,0,0,0,0,0,0,255,255,0,0,0,0,0,0,0,0,0,0,0,0,0,0,255,255,0,0,0,0,0,0,0,0,0,0,0,0,0,0,255,255,0,0,0,0,0,0,0,0,0,0,0,0,0,0,255,255,0,0,0,0,0,0,0,0,0,0,0,255,255,255,255,255,0,0,0,0,0,0,0,0,0,0,255,255,255,255,255,255,0,0,0,0,0,0,0,0,0,0,255,255,255,255,255,0,0,0,0,0,0
3,0,0,0,0,0,0,255,255,255,255,0,0,0,0,0,0,0,0,0,0,0,0,255,255,255,255,255,0,0,0,0,0,0,0,0,0,0,0,0,0,0,0,255,0,0,0,0,0,0,0,0,0,0,0,0,0,0,0,255,0,0,0,0,0,0,0,0,0,0,0,0,0,0,255,255,0,0,0,0,0,0,0,0,0,0,0,0,0,0,255,255,0,0,0,0,0,0,0,0,0,0,0,0,0,0,255,255,0,0,0,0,0,0,0,0,0,0,0,255,255,255,255,255,0,0,0,0,0,0,0,0,0,0,0,255,255,255,255,255,0,0,0,0,0,0,0,0,0,0,0,0,0,0,255,255,0,0,0,0,0,0,0,0,0,0,0,0,0,0,255,255,0,0,0,0,0,0,0,0,0,0,0,0,0,0,255,255,0,0,0,0,0,0,0,0,0,0,0,0,0,0,255,255,0,0,0,0,0,0,0,0,0,0,0,0,0,0,255,255,0,0,0,0,0,0,0,0,0,0,0,255,255,255,255,255,0,0,0,0,0,0,0,0,0,0,255,255,255,255,255,0,0,0,0,0,0
3,0,0,0,0,0,151,255,255,255,255,0,0,0,0,0,0,0,0,0,0,0,0,255,255,255,255,255,0,0,0,0,0,0,0,0,0,0,0,0,0,0,8,255,0,0,0,0,0,0,0,0,0,0,0,0,0,0,255,255,0,0,0,0,0,0,0,0,0,0,0,0,0,0,255,255,0,0,0,0,0,0,0,0,0,0,0,0,0,0,255,255,0,0,0,0,0,0,0,0,0,0,0,183,183,183,255,255,0,0,0,0,0,0,0,0,0,0,255,255,255,255,255,0,0,0,0,0,0,0,0,0,0,0,0,255,255,255,255,255,0,0,0,0,0,0,0,0,0,0,0,0,0,0,255,255,0,0,0,0,0,0,0,0,0,0,0,0,0,0,255,255,0,0,0,0,0,0,0,0,0,0,0,0,0,0,255,255,0,0,0,0,0,0,0,0,0,0,0,0,0,0,255,255,0,0,0,0,0,0,0,0,0,0,0,8,0,0,255,255,0,0,0,0,0,0,0,0,0,0,56,255,255,255,255,0,0,0,0,0,0,0,0,0,0,0,255,255,255,255,255,0,0,0,0,0,0
3,0,0,0,0,0,255,255,255,255,0,0,0,0,0,0,0,0,0,0,0,0,0,255,255,255,0,0,0,0,0,0,0,0,0,0,0,0,0,0,0,0,255,0,0,0,0,0,0,0,0,0,0,0,0,0,0,0,255,0,0,0,0,0,0,0,0,0,0,0,0,0,0,0,255,255,0,0,0,0,0,0,0,0,0,0,0,0,0,0,255,0,0,0,0,0,0,0,0,0,0,0,0,183,0,0,255,183,0,0,0,0,0,0,0,0,0,0,255,255,255,255,255,0,0,0,0,0,0,0,0,0,0,0,231,255,255,255,255,255,0,0,0,0,0,0,0,0,0,0,0,0,0,0,255,255,0,0,0,0,0,0,0,0,0,0,0,0,0,0,255,255,0,0,0,0,0,0,0,0,0,0,0,0,0,0,255,255,0,0,0,0,0,0,0,0,0,0,0,0,0,0,255,255,0,0,0,0,0,0,0,0,0,0,0,0,0,8,255,255,0,0,0,0,0,0,0,0,0,0,0,255,255,255,255,255,0,0,0,0,0,0,0,0,0,0,255,255,255,255,255,0,0,0,0,0,0
3,0,0,0,0,0,255,255,255,255,255,0,0,0,0,0,0,0,0,0,0,0,0,255,255,255,255,0,0,0,0,0,0,0,0,0,0,0,0,0,0,0,255,255,0,0,0,0,0,0,0,0,0,0,0,0,0,0,255,255,0,0,0,0,0,0,0,0,0,0,0,0,0,0,255,255,0,0,0,0,0,0,0,0,0,0,0,0,0,0,255,255,0,0,0,0,0,0,0,0,0,0,0,255,80,255,255,255,0,0,0,0,0,0,0,0,0,0,255,255,255,255,255,255,0,0,0,0,0,0,0,0,0,0,0,255,255,255,255,255,0,0,0,0,0,0,0,0,0,0,0,0,0,0,255,255,0,0,0,0,0,0,0,0,0,0,0,0,0,0,255,255,0,0,0,0,0,0,0,0,0,0,0,0,0,0,255,255,0,0,0,0,0,0,0,0,0,0,0,0,0,0,255,255,0,0,0,0,0,0,0,0,0,0,0,0,48,0,255,255,0,0,0,0,0,0,0,0,0,0,0,255,255,255,255,255,0,0,0,0,0,0,0,0,0,0,255,255,255,255,255,255,0,0,0,0,0
3,0,0,0,0,0,255,255,255,255,255,0,0,0,0,0,0,0,0,0,0,0,8,255,255,255,255,255,0,0,0,0,0,0,0,0,0,0,0,0,0,0,218,255,0,0,0,0,0,0,0,0,0,0,0,0,0,0,224,255,0,0,0,0,0,0,0,0,0,0,0,0,0,0,255,255,0,0,0,0,0,0,0,0,0,0,0,0,0,0,255,255,0,0,0,0,0,0,0,0,0,0,0,0,0,0,255,255,0,0,0,0,0,0,0,0,0,0,255,255,255,255,255,0,0,0,0,0,0,0,0,0,0,0,255,255,255,255,255,182,0,0,0,0,0,0,0,0,0,0,0,0,0,0,255,182,0,0,0,0,0,0,0,0,0,0,0,0,0,0,255,97,0,0,0,0,0,0,0,0,0,0,0,0,0,0,255,0,0,0,0,0,0,0,0,0,0,0,0,0,0,0,255,0,0,0,0,0,0,0,0,0,0,0,1,0,0,255,255,0,0,0,0,0,0,0,0,0,0,40,255,255,255,255,255,0,0,0,0,0,0,0,0,0,0,255,255,255,255,255,166,0,0,0,0,0,0
3,0,0,0,0,0,255,255,255,196,255,0,0,0,0,0,0,0,0,0,0,0,0,255,255,255,255,255,0,0,0,0,0,0,0,0,0,0,0,0,0,0,0,255,0,0,0,0,0,0,0,0,0,0,0,0,0,0,224,255,0,0,0,0,0,0,0,0,0,0,0,0,0,0,255,255,0,0,0,0,0,0,0,0,0,0,0,0,0,0,255,255,0,0,0,0,0,0,0,0,0,0,0,105,0,0,255,255,0,0,0,0,0,0,0,0,0,0,255,255,255,255,255,0,0,0,0,0,0,0,0,0,0,0,255,255,255,255,255,0,0,0,0,0,0,0,0,0,0,0,0,0,0,0,255,182,0,0,0,0,0,0,0,0,0,0,0,0,0,0,255,182,0,0,0,0,0,0,0,0,0,0,0,0,0,0,255,182,0,0,0,0,0,0,0,0,0,0,0,0,0,92,255,0,0,0,0,0,0,0,0,0,0,0,0,0,0,114,255,0,0,0,0,0,0,0,0,0,0,40,255,255,255,255,255,0,0,0,0,0,0,0,0,0,0,255,255,255,255,255,22,0,0,0,0,0,0
3,0,0,0,0,0,212,255,255,255,255,0,0,0,0,0,0,0,0,0,0,0,0,255,255,255,255,255,0,0,0,0,0,0,0,0,0,0,0,0,0,0,0,255,0,0,0,0,0,0,0,0,0,0,0,0,0,0,127,255,0,0,0,0,0,0,0,0,0,0,0,0,0,0,127,255,0,0,0,0,0,0,0,0,0,0,0,0,0,0,127,255,0,0,0,0,0,0,0,0,0,0,0,183,183,31,255,255,0,0,0,0,0,0,0,0,0,0,251,255,255,255,255,212,0,0,0,0,0,0,0,0,0,0,0,255,255,255,255,255,0,0,0,0,0,0,0,0,0,0,0,0,0,0,255,255,0,0,0,0,0,0,0,0,0,0,0,0,0,0,255,255,0,0,0,0,0,0,0,0,0,0,0,0,0,0,255,255,0,0,0,0,0,0,0,0,0,0,0,0,0,0,255,255,0,0,0,0,0,0,0,0,0,0,0,4,0,0,255,255,0,0,0,0,0,0,0,0,0,0,46,255,255,255,255,255,0,0,0,0,0,0,0,0,0,0,255,255,255,255,255,0,0,0,0,0,0
3,0,0,0,0,0,228,255,255,255,255,0,0,0,0,0,0,0,0,0,0,0,0,255,255,255,255,255,0,0,0,0,0,0,0,0,0,0,0,0,0,0,127,255,0,0,0,0,0,0,0,0,0,0,0,0,0,0,127,255,0,0,0,0,0,0,0,0,0,0,0,0,0,0,255,255,0,0,0,0,0,0,0,0,0,0,0,0,0,0,255,255,0,0,0,0,0,0,0,0,0,0,0,255,255,255,255,255,0,0,0,0,0,0,0,0,0,0,255,255,255,255,255,212,0,0,0,0,0,0,0,0,0,0,0,255,255,255,255,255,0,0,0,0,0,0,0,0,0,0,0,0,0,0,127,255,0,0,0,0,0,0,0,0,0,0,0,0,0,0,255,255,0,0,0,0,0,0,0,0,0,0,0,0,0,0,255,255,0,0,0,0,0,0,0,0,0,0,0,0,0,0,255,255,0,0,0,0,0,0,0,0,0,0,0,112,0,223,255,255,0,0,0,0,0,0,0,0,0,0,218,255,255,255,255,255,0,0,0,0,0,0,0,0,0,0,255,255,255,255,255,0,0,0,0,0,0
4,0,0,0,0,255,0,0,0,0,0,20,0,0,0,0,0,0,0,0,0,255,60,0,0,0,0,255,0,0,0,0,0,0,0,0,0,255,255,0,0,0,0,255,0,0,0,0,0,0,0,0,0,255,255,0,0,0,127,255,0,0,0,0,0,0,0,0,0,255,255,0,0,0,127,255,0,0,0,0,0,0,0,0,0,255,127,0,0,0,127,255,0,0,0,0,0,0,0,0,0,255,255,255,131,8,255,255,0,0,0,0,0,0,0,0,0,0,255,255,255,255,255,255,0,0,0,0,0,0,0,0,0,0,255,255,255,255,255,255,0,0,0,0,0,0,0,0,0,0,0,0,0,0,127,255,0,0,0,0,0,0,0,0,0,0,0,0,0,0,127,255,0,0,0,0,0,0,0,0,0,0,0,0,0,0,255,255,0,0,0,0,0,0,0,0,0,0,0,0,0,0,255,255,0,0,0,0,0,0,0,0,0,0,0,0,0,0,255,255,0,0,0,0,0,0,0,0,0,0,0,0,0,0,187,255,0,0,0,0,0,0,0,0,0,0,0,0,0,0,0,127,0,0,0,0,0
4,0,0,0,0,255,0,0,0,0,0,0,226,0,0,0,0,0,0,0,0,255,255,0,0,0,0,0,255,0,0,0,0,0,0,0,0,255,255,0,0,0,0,159,255,0,0,0,0,0,0,0,0,255,255,0,0,0,0,159,255,0,0,0,0,0,0,0,0,255,255,0,0,0,0,159,255,0,0,0,0,0,0,0,0,255,255,0,0,0,0,255,255,0,0,0,0,0,0,0,0,255,255,56,255,56,56,255,255,0,0,0,0,0,0,0,0,0,255,255,255,255,255,255,32,0,0,0,0,0,0,0,0,0,160,255,255,255,255,255,164,0,0,0,0,0,0,0,0,0,0,0,0,0,0,255,255,0,0,0,0,0,0,0,0,0,0,0,0,0,0,255,255,0,0,0,0,0,0,0,0,0,0,0,0,0,0,255,255,0,0,0,0,0,0,0,0,0,0,0,0,0,0,255,255,0,0,0,0,0,0,0,0,0,0,0,0,0,0,255,255,0,0,0,0,0,0,0,0,0,0,0,0,0,0,255,255,0,0,0,0,0,0,0,0,0,0,0,0,0,0,0,53,0,0,0,0
4,0,0,0,0,255,255,0,0,0,0,171,127,0,0,0,0,0,0,0,0,255,255,0,0,0,0,255,255,0,0,0,0,0,0,0,0,255,255,0,0,0,0,255,255,0,0,0,0,0,0,0,0,255,255,127,0,0,127,255,255,0,0,0,0,0,0,0,0,255,255,127,0,0,127,255,255,0,0,0,0,0,0,0,0,255,255,0,0,0,255,255,255,0,0,0,0,0,0,0,0,255,255,255,255,255,255,255,255,0,0,0,0,0,0,0,0,235,255,255,255,255,255,255,0,0,0,0,0,0,0,0,0,0,255,255,255,255,255,255,255,0,0,0,0,0,0,0,0,0,0,0,0,0,255,255,255,0,0,0,0,0,0,0,0,0,0,0,0,0,255,255,255,0,0,0,0,0,0,0,0,0,0,0,0,0,255,255,255,0,0,0,0,0,0,0,0,0,0,0,0,0,255,255,255,0,0,0,0,0,0,0,0,0,0,0,0,0,255,255,127,0,0,0,0,0,0,0,0,0,0,0,0,0,255,255,127,0,0,0,0,0,0,0,0,0,0,0,0,0,0,255,0,0,0,0,0
4,0,0,0,0,143,255,0,0,0,0,30,0,0,0,0,0,0,0,0,0,255,255,74,0,0,0,255,255,0,0,0,0,0,0,0,0,255,255,255,0,0,0,255,255,0,0,0,0,0,0,0,0,255,255,255,0,0,48,255,255,0,0,0,0,0,0,0,0,255,255,255,0,0,48,255,255,0,0,0,0,0,0,0,0,255,255,255,0,0,255,255,255,0,0,0,0,0,0,0,0,255,255,255,255,255,255,255,255,0,0,0,0,0,0,0,0,54,255,255,255,255,255,255,0,0,0,0,0,0,0,0,0,0,255,255,255,255,255,255,255,0,0,0,0,0,0,0,0,0,0,0,0,0,255,255,255,0,0,0,0,0,0,0,0,0,0,0,0,0,255,255,255,0,0,0,0,0,0,0,0,0,0,0,0,0,255,255,255,0,0,0,0,0,0,0,0,0,0,0,0,0,255,255,255,0,0,0,0,0,0,0,0,0,0,0,0,0,255,255,255,0,0,0,0,0,0,0,0,0,0,0,0,0,255,255,143,0,0,0,0,0,0,0,0,0,0,0,0,0,0,255,0,0,0,0,0
4,0,0,0,0,127,255,0,0,0,0,0,175,0,0,0,0,0,0,0,0,255,255,127,0,0,0,255,255,0,0,0,0,0,0,0,0,255,255,255,0,0,0,255,255,0,0,0,0,0,0,0,0,255,255,255,0,0,0,255,255,0,0,0,0,0,0,0,0,255,255,255,0,0,0,255,255,0,0,0,0,0,0,0,0,255,255,127,0,0,127,255,255,0,0,0,0,0,0,0,0,255,255,255,255,255,255,255,255,0,0,0,0,0,0,0,0,0,255,255,255,255,255,255,127,0,0,0,0,0,0,0,0,0,255,255,255,255,255,255,255,0,0,0,0,0,0,0,0,0,0,0,0,0,127,255,255,0,0,0,0,0,0,0,0,0,0,0,0,0,255,255,255,0,0,0,0,0,0,0,0,0,0,0,0,0,255,255,255,0,0,0,0,0,0,0,0,0,0,0,0,0,255,255,255,0,0,0,0,0,0,0,0,0,0,0,0,0,255,255,255,0,0,0,0,0,0,0,0,0,0,0,0,0,16,255,255,0,0,0,0,0,0,0,0,0,0,0,0,0,0,255,0,0,0,0,0
4,0,0,0,0,152,255,0,0,0,0,0,255,0,0,0,0,0,0,0,0,255,255,0,0,0,0,255,255,0,0,0,0,0,0,0,0,255,255,0,0,0,0,255,255,0,0,0,0,0,0,0,0,255,255,0,0,0,0,255,255,0,0,0,0,0,0,0,0,255,255,0,0,0,0,255,255,0,0,0,0,0,0,0,0,255,255,0,0,0,0,255,255,0,0,0,0,0,0,0,0,255,255,255,255,255,255,255,255,0,0,0,0,0,0,0,0,0,255,255,255,255,255,255,0,0,0,0,0,0,0,0,0,0,255,255,255,255,255,255,223,0,0,0,0,0,0,0,0,0,0,0,0,0,0,255,255,0,0,0,0,0,0,0,0,0,0,0,0,0,188,255,255,0,0,0,0,0,0,0,0,0,0,0,0,0,207,255,255,0,0,0,0,0,0,0,0,0,0,0,0,0,207,255,255,0,0,0,0,0,0,0,0,0,0,0,0,0,207,255,255,0,0,0,0,0,0,0,0,0,0,0,0,0,0,255,111,0,0,0,0,0,0,0,0,0,0,0,0,0,0,255,31,0,0,0,0
4,0,0,0,0,255,0,0,0,0,0,49,0,0,0,0,0,0,0,0,0,255,244,0,0,0,0,255,0,0,0,0,0,0,0,0,0,255,255,0,0,0,0,255,95,0,0,0,0,0,0,0,0,255,255,0,0,0,0,255,96,0,0,0,0,0,0,0,0,255,255,0,0,0,0,255,95,0,0,0,0,0,0,0,0,255,255,0,0,0,0,255,96,0,0,0,0,0,0,0,0,255,255,250,255,255,220,255,120,0,0,0,0,0,0,0,0,0,255,255,255,255,255,255,95,0,0,0,0,0,0,0,0,0,94,255,255,255,255,255,255,0,0,0,0,0,0,0,0,0,0,0,0,0,0,255,255,0,0,0,0,0,0,0,0,0,0,0,0,0,0,255,255,0,0,0,0,0,0,0,0,0,0,0,0,0,0,255,255,0,0,0,0,0,0,0,0,0,0,0,0,0,0,255,255,0,0,0,0,0,0,0,0,0,0,0,0,0,0,255,255,0,0,0,0,0,0,0,0,0,0,0,0,0,0,255,255,0,0,0,0,0,0,0,0,0,0,0,0,0,0,0,255,0,0,0,0
4,0,0,0,0,255,0,0,0,0,0,230,0,0,0,0,0,0,0,0,0,255,255,0,0,0,0,255,63,0,0,0,0,0,0,0,0,255,255,0,0,0,0,255,95,0,0,0,0,0,0,0,0,255,255,0,0,0,0,255,96,0,0,0,0,0,0,0,0,255,255,0,0,0,0,255,95,0,0,0,0,0,0,0,0,255,255,0,0,0,0,255,96,0,0,0,0,0,0,0,0,255,255,255,255,230,255,255,95,0,0,0,0,0,0,0,0,0,255,255,255,255,255,255,0,0,0,0,0,0,0,0,0,0,72,255,255,255,255,255,95,0,0,0,0,0,0,0,0,0,0,0,0,0,0,255,255,0,0,0,0,0,0,0,0,0,0,0,0,0,0,255,255,0,0,0,0,0,0,0,0,0,0,0,0,0,0,255,255,0,0,0,0,0,0,0,0,0,0,0,0,0,0,255,255,0,0,0,0,0,0,0,0,0,0,0,0,0,0,255,255,0,0,0,0,0,0,0,0,0,0,0,0,0,0,255,255,0,0,0,0,0,0,0,0,0,0,0,0,0,0,0,255,0,0,0,0
4,0,0,0,0,80,16,0,0,0,0,0,255,0,0,0,0,0,0,0,0,80,255,0,0,0,0,173,255,0,0,0,0,0,0,0,0,255,255,0,0,0,0,255,255,0,0,0,0,0,0,0,0,255,255,0,0,0,0,255,255,0,0,0,0,0,0,0,0,255,255,0,0,0,0,255,255,0,0,0,0,0,0,0,0,255,255,0,0,0,0,255,255,0,0,0,0,0,0,0,0,255,255,255,215,215,232,255,107,0,0,0,0,0,0,0,0,0,255,255,255,255,255,255,0,0,0,0,0,0,0,0,0,0,255,255,255,255,255,255,0,0,0,0,0,0,0,0,0,0,0,0,0,0,111,255,79,0,0,0,0,0,0,0,0,0,0,0,0,0,111,255,80,0,0,0,0,0,0,0,0,0,0,0,0,0,255,255,0,0,0,0,0,0,0,0,0,0,0,0,0,0,255,255,0,0,0,0,0,0,0,0,0,0,0,0,0,0,255,255,0,0,0,0,0,0,0,0,0,0,0,0,0,0,255,255,0,0,0,0,0,0,0,0,0,0,0,0,0,0,0,255,0,0,0,0,0
4,0,0,0,0,95,223,0,0,0,0,0,255,0,0,0,0,0,0,0,0,255,255,0,0,0,0,223,255,0,0,0,0,0,0,0,0,255,255,0,0,0,0,255,255,0,0,0,0,0,0,0,0,255,255,0,0,0,0,255,255,0,0,0,0,0,0,0,0,255,255,0,0,0,0,255,255,0,0,0,0,0,0,0,0,255,255,0,0,0,0,255,96,0,0,0,0,0,0,0,0,255,255,255,230,230,255,255,0,0,0,0,0,0,0,0,0,0,255,255,255,255,255,255,0,0,0,0,0,0,0,0,0,0,255,255,255,255,255,255,0,0,0,0,0,0,0,0,0,0,0,0,0,0,255,255,0,0,0,0,0,0,0,0,0,0,0,0,0,0,255,255,0,0,0,0,0,0,0,0,0,0,0,0,0,0,255,255,0,0,0,0,0,0,0,0,0,0,0,0,0,0,255,255,0,0,0,0,0,0,0,0,0,0,0,0,0,0,255,255,0,0,0,0,0,0,0,0,0,0,0,0,0,0,255,255,0,0,0,0,0,0,0,0,0,0,0,0,0,0,0,255,0,0,0,0,0
4,0,0,0,0,255,0,0,0,0,0,255,0,0,0,0,0,0,0,0,0,255,192,0,0,0,0,255,0,0,0,0,0,0,0,0,0,255,255,0,0,0,90,255,0,0,0,0,0,0,0,0,0,255,255,0,0,0,255,255,0,0,0,0,0,0,0,0,0,255,255,0,0,0,255,255,0,0,0,0,0,0,0,0,0,255,255,0,0,0,255,255,0,0,0,0,0,0,0,0,0,255,255,221,255,215,255,255,0,0,0,0,0,0,0,0,0,145,255,255,255,255,255,255,0,0,0,0,0,0,0,0,0,0,255,255,255,255,255,255,0,0,0,0,0,0,0,0,0,0,0,0,0,0,255,255,0,0,0,0,0,0,0,0,0,0,0,0,0,0,255,255,0,0,0,0,0,0,0,0,0,0,0,0,0,0,255,255,0,0,0,0,0,0,0,0,0,0,0,0,0,0,255,255,0,0,0,0,0,0,0,0,0,0,0,0,0,0,255,255,0,0,0,0,0,0,0,0,0,0,0,0,0,0,255,255,0,0,0,0,0,0,0,0,0,0,0,0,0,0,0,255,0,0,0,0,0
4,0,0,0,0,80,0,0,0,0,0,0,255,0,0,0,0,0,0,0,0,80,255,0,0,0,0,16,255,0,0,0,0,0,0,0,0,255,255,0,0,0,0,255,255,0,0,0,0,0,0,0,0,255,255,0,0,0,0,255,255,0,0,0,0,0,0,0,0,255,255,0,0,0,0,255,255,0,0,0,0,0,0,0,0,255,255,0,0,0,0,255,255,0,0,0,0,0,0,0,0,255,255,215,255,222,215,255,255,0,0,0,0,0,0,0,0,0,255,255,255,255,255,255,255,0,0,0,0,0,0,0,0,0,0,255,255,255,255,255,255,0,0,0,0,0,0,0,0,0,0,0,0,0,0,255,255,0,0,0,0,0,0,0,0,0,0,0,0,0,0,255,255,0,0,0,0,0,0,0,0,0,0,0,0,0,0,255,255,0,0,0,0,0,0,0,0,0,0,0,0,0,0,255,255,0,0,0,0,0,0,0,0,0,0,0,0,0,0,255,255,0,0,0,0,0,0,0,0,0,0,0,0,0,0,255,255,0,0,0,0,0,0,0,0,0,0,0,0,0,0,3,255,0,0,0,0
5,0,0,0,0,0,0,255,255,255,255,0,0,0,0,0,0,0,0,0,0,0,255,255,255,255,255,0,0,0,0,0,0,0,0,0,0,0,255,0,0,0,0,0,0,0,0,0,0,0,0,0,0,0,255,0,0,0,0,0,0,0,0,0,0,0,0,0,0,0,255,0,0,0,0,0,0,0,0,0,0,0,0,0,0,0,255,0,0,0,0,0,0,0,0,0,0,0,0,0,0,0,255,40,80,0,0,0,0,0,0,0,0,0,0,0,0,0,0,255,255,255,255,0,0,0,0,0,0,0,0,0,0,0,0,255,255,255,255,255,0,0,0,0,0,0,0,0,0,0,0,0,0,0,0,255,0,0,0,0,0,0,0,0,0,0,0,0,0,0,0,255,0,0,0,0,0,0,0,0,0,0,0,0,0,0,0,255,0,0,0,0,0,0,0,0,0,0,0,0,0,0,8,255,0,0,0,0,0,0,0,0,0,0,0,0,0,0,127,255,0,0,0,0,0,0,0,0,0,0,0,255,255,255,255,242,0,0,0,0,0,0,0,0,0,0,255,255,255,255,255,0,0,0,0,0,0
5,0,0,0,0,0,0,255,255,255,255,0,0,0,0,0,0,0,0,0,0,0,255,255,255,255,255,0,0,0,0,0,0,0,0,0,0,0,255,64,0,0,0,0,0,0,0,0,0,0,0,0,0,0,255,64,0,0,0,0,0,0,0,0,0,0,0,0,0,0,255,14,0,0,0,0,0,0,0,0,0,0,0,0,0,0,255,0,0,0,0,0,0,0,0,0,0,0,0,0,0,0,255,0,0,0,0,0,0,0,0,0,0,0,0,0,0,0,7,255,255,255,255,0,0,0,0,0,0,0,0,0,0,0,0,255,255,255,249,255,0,0,0,0,0,0,0,0,0,0,0,0,0,0,0,255,0,0,0,0,0,0,0,0,0,0,0,0,0,0,0,255,0,0,0,0,0,0,0,0,0,0,0,0,0,0,0,255,0,0,0,0,0,0,0,0,0,0,0,0,0,0,0,255,0,0,0,0,0,0,0,0,0,0,0,0,0,0,0,255,0,0,0,0,0,0,0,0,0,0,0,255,255,255,255,255,0,0,0,0,0,0,0,0,0,0,110,255,255,255,255,0,0,0,0,0,0
5,0,0,0,0,0,255,255,255,255,255,0,0,0,0,0,0,0,0,0,0,0,255,255,255,255,255,0,0,0,0,0,0,0,0,0,0,0,255,255,255,255,104,0,0,0,0,0,0,0,0,0,0,8,255,0,0,0,0,0,0,0,0,0,0,0,0,0,0,255,255,0,0,0,0,0,0,0,0,0,0,0,0,0,0,255,255,0,0,0,0,0,0,0,0,0,0,0,0,0,0,255,255,255,255,255,88,0,0,0,0,0,0,0,0,0,0,199,255,255,255,255,255,0,0,0,0,0,0,0,0,0,0,0,255,255,255,255,255,255,0,0,0,0,0,0,0,0,0,0,0,0,0,0,255,255,0,0,0,0,0,0,0,0,0,0,0,0,0,0,255,255,0,0,0,0,0,0,0,0,0,0,0,0,0,0,255,255,0,0,0,0,0,0,0,0,0,0,0,0,0,0,255,255,0,0,0,0,0,0,0,0,0,0,0,255,255,255,255,255,0,0,0,0,0,0,0,0,0,0,255,255,255,255,255,255,0,0,0,0,0,0,0,0,0,0,255,255,255,255,255,0,0,0,0,0,0
5,0,0,0,0,0,255,255,255,255,255,0,0,0,0,0,0,0,0,0,0,224,255,255,255,255,255,0,0,0,0,0,0,0,0,0,0,255,255,255,255,255,145,0,0,0,0,0,0,0,0,0,0,255,255,0,0,0,0,0,0,0,0,0,0,0,0,0,0,255,255,0,0,0,0,0,0,0,0,0,0,0,0,0,0,255,255,0,0,0,0,0,0,0,0,0,0,0,0,0,0,255,255,255,255,135,88,0,0,0,0,0,0,0,0,0,0,255,255,255,255,255,255,0,0,0,0,0,0,0,0,0,0,0,255,255,255,255,255,255,0,0,0,0,0,0,0,0,0,0,0,0,0,0,255,255,0,0,0,0,0,0,0,0,0,0,0,0,0,0,255,255,0,0,0,0,0,0,0,0,0,0,0,0,0,0,255,255,0,0,0,0,0,0,0,0,0,0,0,0,0,0,255,255,0,0,0,0,0,0,0,0,0,0,190,255,255,255,255,255,0,0,0,0,0,0,0,0,0,0,255,255,255,255,255,255,0,0,0,0,0,0,0,0,0,218,255,255,255,255,255,0,0,0,0,0,0
5,0,0,0,0,0,255,255,255,255,255,0,0,0,0,0,0,0,0,0,0,240,255,255,255,255,255,0,0,0,0,0,0,0,0,0,0,255,255,255,255,255,0,0,0,0,0,0,0,0,0,0,0,255,255,0,0,0,0,0,0,0,0,0,0,0,0,0,0,255,255,0,0,0,0,0,0,0,0,0,0,0,0,0,0,255,255,0,0,0,0,0,0,0,0,0,0,0,0,0,0,255,255,255,255,255,0,0,0,0,0,0,0,0,0,0,0,241,255,255,255,255,255,0,0,0,0,0,0,0,0,0,0,0,255,255,255,255,255,255,0,0,0,0,0,0,0,0,0,0,0,0,0,0,255,255,0,0,0,0,0,0,0,0,0,0,0,0,0,0,255,255,0,0,0,0,0,0,0,0,0,0,0,0,0,0,255,255,0,0,0,0,0,0,0,0,0,0,0,0,0,0,255,255,0,0,0,0,0,0,0,0,0,0,222,255,255,255,255,255,0,0,0,0,0,0,0,0,0,0,255,255,255,255,255,237,0,0,0,0,0,0,0,0,0,170,255,255,255,255,255,0,0,0,0,0,0
5,0,0,0,0,119,255,255,255,255,91,0,0,0,0,0,0,0,0,0,0,255,255,255,255,255,0,0,0,0,0,0,0,0,0,0,0,255,255,0,0,0,0,0,0,0,0,0,0,0,0,0,0,255,255,0,0,0,0,0,0,0,0,0,0,0,0,0,0,255,255,0,0,0,0,0,0,0,0,0,0,0,0,0,0,255,255,0,0,0,0,0,0,0,0,0,0,0,0,0,0,255,255,183,0,0,0,0,0,0,0,0,0,0,0,0,0,19,255,255,255,255,240,0,0,0,0,0,0,0,0,0,0,0,255,255,255,255,255,255,0,0,0,0,0,0,0,0,0,0,0,0,0,0,255,255,0,0,0,0,0,0,0,0,0,0,0,0,0,0,255,255,0,0,0,0,0,0,0,0,0,0,0,0,0,0,255,255,0,0,0,0,0,0,0,0,0,0,0,0,0,0,255,255,0,0,0,0,0,0,0,0,0,0,0,0,0,0,255,255,0,0,0,0,0,0,0,0,0,0,91,255,255,255,255,255,0,0,0,0,0,0,0,0,0,0,255,255,255,255,255,119,0,0,0,0,0
5,0,0,0,0,119,255,255,255,255,54,0,0,0,0,0,0,0,0,0,0,255,255,255,255,255,0,0,0,0,0,0,0,0,0,0,0,255,255,0,0,0,0,0,0,0,0,0,0,0,0,0,0,255,255,0,0,0,0,0,0,0,0,0,0,0,0,0,0,255,255,0,0,0,0,0,0,0,0,0,0,0,0,0,0,255,255,0,0,0,0,0,0,0,0,0,0,0,0,0,0,255,255,0,183,13,0,0,0,0,0,0,0,0,0,0,0,19,255,255,255,255,240,0,0,0,0,0,0,0,0,0,0,0,255,255,255,255,255,255,0,0,0,0,0,0,0,0,0,0,0,0,0,0,255,255,0,0,0,0,0,0,0,0,0,0,0,0,0,0,255,255,0,0,0,0,0,0,0,0,0,0,0,0,0,0,255,255,0,0,0,0,0,0,0,0,0,0,0,0,0,0,255,255,0,0,0,0,0,0,0,0,0,0,0,0,0,7,255,255,0,0,0,0,0,0,0,0,0,0,91,255,255,255,255,255,0,0,0,0,0,0,0,0,0,0,255,255,255,255,255,200,0,0,0,0,0
5,0,0,0,0,0,0,255,255,255,255,255,0,0,0,0,0,0,0,0,0,0,255,255,255,255,255,0,0,0,0,0,0,0,0,0,0,0,255,255,0,0,0,0,0,0,0,0,0,0,0,0,0,0,255,255,0,0,0,0,0,0,0,0,0,0,0,0,0,0,255,255,0,0,0,0,0,0,0,0,0,0,0,0,0,0,255,255,0,0,0,0,0,0,0,0,0,0,0,0,0,0,255,255,0,0,0,0,0,0,0,0,0,0,0,0,0,0,255,255,255,255,255,0,0,0,0,0,0,0,0,0,0,0,0,255,255,255,255,255,0,0,0,0,0,0,0,0,0,0,0,0,0,0,0,255,0,0,0,0,0,0,0,0,0,0,0,0,0,0,255,255,0,0,0,0,0,0,0,0,0,0,0,0,0,0,255,255,0,0,0,0,0,0,0,0,0,0,0,0,0,0,255,255,0,0,0,0,0,0,0,0,0,0,0,0,0,0,255,255,0,0,0,0,0,0,0,0,0,0,56,255,255,255,255,255,0,0,0,0,0,0,0,0,0,0,255,255,255,255,255,0,0,0,0,0,0
5,0,0,0,0,0,0,255,255,255,255,0,0,0,0,0,0,0,0,0,0,0,255,255,255,255,255,0,0,0,0,0,0,0,0,0,0,0,255,255,8,0,0,0,0,0,0,0,0,0,0,0,0,0,255,255,0,0,0,0,0,0,0,0,0,0,0,0,0,0,255,255,0,0,0,0,0,0,0,0,0,0,0,0,0,0,255,255,0,0,0,0,0,0,0,0,0,0,0,0,0,0,255,255,183,0,0,0,0,0,0,0,0,0,0,0,0,0,255,255,255,255,255,0,0,0,0,0,0,0,0,0,0,0,0,255,255,255,255,255,0,0,0,0,0,0,0,0,0,0,0,0,0,0,255,255,0,0,0,0,0,0,0,0,0,0,0,0,0,0,255,255,0,0,0,0,0,0,0,0,0,0,0,0,0,0,255,255,0,0,0,0,0,0,0,0,0,0,0,0,0,0,255,255,0,0,0,0,0,0,0,0,0,0,0,0,0,0,255,255,0,0,0,0,0,0,0,0,0,0,56,255,255,255,255,199,0,0,0,0,0,0,0,0,0,0,255,255,255,255,255,0,0,0,0,0,0
5,0,0,0,0,0,255,255,255,255,166,0,0,0,0,0,0,0,0,0,0,255,255,255,255,255,84,0,0,0,0,0,0,0,0,0,0,255,255,0,0,0,0,0,0,0,0,0,0,0,0,0,0,255,255,0,0,0,0,0,0,0,0,0,0,0,0,0,0,255,255,0,0,0,0,0,0,0,0,0,0,0,0,0,0,255,255,0,0,0,0,0,0,0,0,0,0,0,0,0,0,255,255,79,0,0,0,0,0,0,0,0,0,0,0,0,0,0,255,255,255,255,255,0,0,0,0,0,0,0,0,0,0,0,255,255,255,255,255,255,0,0,0,0,0,0,0,0,0,0,0,0,0,0,255,255,0,0,0,0,0,0,0,0,0,0,0,0,0,0,255,255,0,0,0,0,0,0,0,0,0,0,0,0,0,0,255,255,0,0,0,0,0,0,0,0,0,0,0,0,0,0,255,255,0,0,0,0,0,0,0,0,0,0,0,3,0,0,255,255,0,0,0,0,0,0,0,0,0,0,255,255,255,255,255,239,0,0,0,0,0,0,0,0,0,0,255,255,255,255,255,0,0,0,0,0,0
5,0,0,0,0,0,255,255,255,255,255,0,0,0,0,0,0,0,0,0,0,255,255,255,255,255,255,0,0,0,0,0,0,0,0,0,0,255,255,0,0,0,0,0,0,0,0,0,0,0,0,0,0,255,255,0,0,0,0,0,0,0,0,0,0,0,0,0,0,255,255,0,0,0,0,0,0,0,0,0,0,0,0,0,0,255,255,0,0,0,0,0,0,0,0,0,0,0,0,0,0,255,255,0,183,0,0,0,0,0,0,0,0,0,0,0,0,17,255,255,255,255,255,0,0,0,0,0,0,0,0,0,0,0,255,255,255,255,255,255,0,0,0,0,0,0,0,0,0,0,0,0,0,0,255,255,0,0,0,0,0,0,0,0,0,0,0,0,0,0,255,255,0,0,0,0,0,0,0,0,0,0,0,0,0,0,255,255,0,0,0,0,0,0,0,0,0,0,0,0,0,0,255,255,0,0,0,0,0,0,0,0,0,0,0,0,0,0,255,255,0,0,0,0,0,0,0,0,0,0,255,255,255,255,255,255,0,0,0,0,0,0,0,0,0,0,255,255,255,255,255,0,0,0,0,0,0
6,0,0,0,0,0,237,255,255,255,133,0,0,0,0,0,0,0,0,0,0,0,255,255,255,255,74,0,0,0,0,0,0,0,0,0,0,164,255,0,0,0,0,0,0,0,0,0,0,0,0,0,0,164,255,0,0,0,0,0,0,0,0,0,0,0,0,0,0,164,255,0,0,0,0,0,0,0,0,0,0,0,0,0,0,164,255,0,0,0,0,0,0,0,0,0,0,0,0,0,0,164,255,80,0,17,0,0,0,0,0,0,0,0,0,0,0,0,255,255,255,255,255,0,0,0,0,0,0,0,0,0,0,164,255,255,255,255,255,255,0,0,0,0,0,0,0,0,0,255,255,0,0,0,18,255,0,0,0,0,0,0,0,0,0,255,255,0,0,0,255,255,0,0,0,0,0,0,0,0,0,255,255,0,0,0,255,255,0,0,0,0,0,0,0,0,0,255,255,0,0,0,255,255,0,0,0,0,0,0,0,0,0,255,255,0,0,0,255,255,0,0,0,0,0,0,0,0,0,255,255,255,255,255,255,164,0,0,0,0,0,0,0,0,0,0,255,255,255,255,255,0,0,0,0,0,0
6,0,0,0,0,0,255,255,255,255,255,0,0,0,0,0,0,0,0,0,0,0,255,255,255,255,96,0,0,0,0,0,0,0,0,0,0,0,255,0,0,0,0,0,0,0,0,0,0,0,0,0,0,0,255,0,0,0,0,0,0,0,0,0,0,0,0,0,0,164,255,0,0,0,0,0,0,0,0,0,0,0,0,0,0,164,255,0,0,0,0,0,0,0,0,0,0,0,0,0,0,164,255,0,0,0,0,0,0,0,0,0,0,0,0,0,0,0,255,255,255,255,254,0,0,0,0,0,0,0,0,0,0,164,255,255,255,255,255,255,0,0,0,0,0,0,0,0,0,255,255,0,0,0,18,255,0,0,0,0,0,0,0,0,0,255,255,0,0,0,255,255,0,0,0,0,0,0,0,0,0,255,255,0,0,0,255,255,0,0,0,0,0,0,0,0,0,255,255,0,0,0,255,255,0,0,0,0,0,0,0,0,0,255,255,0,0,0,255,255,0,0,0,0,0,0,0,0,0,255,255,255,255,255,255,255,0,0,0,0,0,0,0,0,0,0,255,255,255,255,255,0,0,0,0,0,0
6,0,0,0,0,0,0,255,255,255,255,255,0,0,0,0,0,0,0,0,0,0,255,255,255,255,255,255,0,0,0,0,0,0,0,0,0,0,255,255,255,255,255,104,0,0,0,0,0,0,0,0,0,0,255,255,0,0,0,0,0,0,0,0,0,0,0,0,0,0,255,255,0,0,0,0,0,0,0,0,0,0,0,0,0,0,255,255,0,0,0,0,0,0,0,0,0,0,0,0,0,0,255,255,255,255,255,0,0,0,0,0,0,0,0,0,0,0,255,255,255,255,255,255,0,0,0,0,0,0,0,0,0,0,255,255,255,255,255,255,255,0,0,0,0,0,0,0,0,0,255,255,0,0,0,255,255,0,0,0,0,0,0,0,0,0,255,255,0,0,0,255,255,0,0,0,0,0,0,0,0,255,255,255,0,0,0,255,255,0,0,0,0,0,0,0,0,255,255,255,0,0,0,255,255,0,0,0,0,0,0,0,0,191,255,255,255,255,255,255,255,0,0,0,0,0,0,0,0,30,255,255,255,255,255,255,255,0,0,0,0,0,0,0,0,0,255,255,255,255,255,255,0,0,0,0,0
6,0,0,0,0,0,0,255,255,255,255,219,0,0,0,0,0,0,0,0,0,0,255,255,255,255,255,255,0,0,0,0,0,0,0,0,0,0,255,255,255,255,255,147,0,0,0,0,0,0,0,0,0,0,255,255,0,0,0,0,0,0,0,0,0,0,0,0,0,0,255,255,0,0,0,0,0,0,0,0,0,0,0,0,0,0,255,255,0,0,0,0,0,0,0,0,0,0,0,0,0,0,255,255,211,255,191,0,0,0,0,0,0,0,0,0,0,0,255,255,255,255,255,255,0,0,0,0,0,0,0,0,0,0,255,255,255,255,255,255,255,0,0,0,0,0,0,0,0,255,255,255,0,0,0,255,255,0,0,0,0,0,0,0,0,0,255,255,0,0,0,255,255,0,0,0,0,0,0,0,0,0,255,255,0,0,0,255,255,0,0,0,0,0,0,0,0,191,255,255,0,0,0,255,255,0,0,0,0,0,0,0,0,243,255,255,255,255,255,255,255,0,0,0,0,0,0,0,0,52,255,255,255,255,255,255,207,0,0,0,0,0,0,0,0,0,255,255,255,255,255,255,0,0,0,0,0
6,0,0,0,0,0,0,255,255,255,255,255,0,0,0,0,0,0,0,0,0,0,255,255,255,255,255,255,0,0,0,0,0,0,0,0,0,0,255,255,255,255,255,0,0,0,0,0,0,0,0,0,0,0,255,255,0,0,0,0,0,0,0,0,0,0,0,0,0,0,255,255,0,0,0,0,0,0,0,0,0,0,0,0,0,0,255,255,0,0,0,0,0,0,0,0,0,0,0,0,0,0,255,255,255,255,255,0,0,0,0,0,0,0,0,0,0,0,255,255,255,255,255,255,0,0,0,0,0,0,0,0,0,0,255,255,255,255,255,255,255,0,0,0,0,0,0,0,0,255,255,255,0,0,0,255,255,0,0,0,0,0,0,0,0,0,255,255,0,0,0,255,255,0,0,0,0,0,0,0,0,255,255,255,0,0,0,255,255,0,0,0,0,0,0,0,0,255,255,255,0,0,0,255,255,0,0,0,0,0,0,0,0,207,255,255,255,255,255,255,255,0,0,0,0,0,0,0,0,32,255,255,255,255,255,255,207,0,0,0,0,0,0,0,0,0,255,255,255,255,255,255,0,0,0,0,0
6,0,0,0,0,0,255,255,255,255,255,0,0,0,0,0,0,0,0,0,0,40,255,255,255,255,255,0,0,0,0,0,0,0,0,0,0,255,255,255,255,255,0,0,0,0,0,0,0,0,0,0,0,255,255,0,0,0,0,0,0,0,0,0,0,0,0,0,0,255,255,0,0,0,0,0,0,0,0,0,0,0,0,0,0,255,255,0,0,0,0,0,0,0,0,0,0,0,0,0,0,255,255,255,255,255,0,0,0,0,0,0,0,0,0,0,0,255,255,255,255,255,255,0,0,0,0,0,0,0,0,0,0,0,255,255,255,255,255,255,0,0,0,0,0,0,0,0,0,255,255,0,0,0,255,255,0,0,0,0,0,0,0,0,0,255,255,0,0,0,255,255,0,0,0,0,0,0,0,0,0,255,255,0,0,0,255,255,0,0,0,0,0,0,0,0,0,255,255,0,0,0,255,255,0,0,0,0,0,0,0,0,0,255,255,255,255,255,255,255,0,0,0,0,0,0,0,0,0,40,255,255,255,255,255,255,0,0,0,0,0,0,0,0,0,0,255,255,255,255,255,0,0,0,0,0,0
6,0,0,0,0,0,255,255,255,255,57,0,0,0,0,0,0,0,0,0,0,255,255,255,255,255,0,0,0,0,0,0,0,0,0,0,0,255,255,0,0,0,0,0,0,0,0,0,0,0,0,0,0,255,255,0,0,0,0,0,0,0,0,0,0,0,0,0,0,255,255,0,0,0,0,0,0,0,0,0,0,0,0,0,0,255,255,0,0,0,0,0,0,0,0,0,0,0,0,0,0,255,255,255,255,32,0,0,0,0,0,0,0,0,0,0,0,200,255,255,255,255,255,0,0,0,0,0,0,0,0,0,0,255,255,255,255,255,255,255,0,0,0,0,0,0,0,0,0,255,255,0,0,0,255,255,0,0,0,0,0,0,0,0,0,255,255,0,0,0,255,255,0,0,0,0,0,0,0,0,0,255,255,0,0,0,255,255,0,0,0,0,0,0,0,0,0,255,255,0,0,0,255,255,0,0,0,0,0,0,0,0,0,255,255,207,0,0,255,255,0,0,0,0,0,0,0,0,0,248,255,255,255,255,255,255,0,0,0,0,0,0,0,0,0,0,255,255,255,255,255,0,0,0,0,0,0
6,0,0,0,0,0,255,255,255,255,0,0,0,0,0,0,0,0,0,0,0,255,255,255,255,255,20,0,0,0,0,0,0,0,0,0,0,255,255,0,0,0,0,0,0,0,0,0,0,0,0,0,0,255,255,0,0,0,0,0,0,0,0,0,0,0,0,0,0,255,255,0,0,0,0,0,0,0,0,0,0,0,0,0,0,255,255,0,0,0,0,0,0,0,0,0,0,0,0,0,0,255,255,13,0,0,0,0,0,0,0,0,0,0,0,0,0,200,255,255,255,255,255,0,0,0,0,0,0,0,0,0,0,255,255,255,255,255,255,255,0,0,0,0,0,0,0,0,0,255,255,0,0,0,255,255,0,0,0,0,0,0,0,0,0,255,255,0,0,0,255,255,0,0,0,0,0,0,0,0,0,255,255,0,0,0,255,255,0,0,0,0,0,0,0,0,0,255,255,0,0,0,255,255,0,0,0,0,0,0,0,0,0,255,255,0,4,0,255,255,0,0,0,0,0,0,0,0,0,243,255,255,255,255,255,255,0,0,0,0,0,0,0,0,0,0,255,255,255,255,255,0,0,0,0,0,0
6,0,0,0,0,0,0,255,255,255,255,255,0,0,0,0,0,0,0,0,0,0,255,255,255,255,255,0,0,0,0,0,0,0,0,0,0,0,255,234,0,0,0,0,0,0,0,0,0,0,0,0,0,0,255,182,0,0,0,0,0,0,0,0,0,0,0,0,0,0,255,0,0,0,0,0,0,0,0,0,0,0,0,0,0,0,255,0,0,0,0,0,0,0,0,0,0,0,0,0,0,0,255,255,255,135,0,0,0,0,0,0,0,0,0,0,0,0,255,255,255,255,255,0,0,0,0,0,0,0,0,0,0,0,255,255,255,243,255,255,0,0,0,0,0,0,0,0,0,236,255,0,0,0,255,255,0,0,0,0,0,0,0,0,0,255,255,0,0,0,255,255,0,0,0,0,0,0,0,0,0,255,255,0,0,0,255,255,0,0,0,0,0,0,0,0,0,255,255,0,0,0,255,255,0,0,0,0,0,0,0,0,0,255,255,183,255,204,255,255,0,0,0,0,0,0,0,0,0,255,255,255,255,255,255,0,0,0,0,0,0,0,0,0,0,0,255,255,255,255,167,0,0,0,0,0,0
6,0,0,0,0,0,0,255,255,255,255,255,0,0,0,0,0,0,0,0,0,0,255,255,255,255,255,0,0,0,0,0,0,0,0,0,0,0,255,255,0,0,0,0,0,0,0,0,0,0,0,0,0,0,255,182,0,0,0,0,0,0,0,0,0,0,0,0,0,0,255,182,0,0,0,0,0,0,0,0,0,0,0,0,0,0,255,0,0,0,0,0,0,0,0,0,0,0,0,0,0,0,255,183,183,0,0,0,0,0,0,0,0,0,0,0,0,0,255,255,255,255,255,0,0,0,0,0,0,0,0,0,0,0,255,255,255,255,255,255,0,0,0,0,0,0,0,0,0,218,255,0,0,0,255,255,0,0,0,0,0,0,0,0,0,255,255,0,0,0,255,255,0,0,0,0,0,0,0,0,0,255,255,0,0,0,255,255,0,0,0,0,0,0,0,0,0,255,255,0,0,0,255,255,0,0,0,0,0,0,0,0,0,255,255,0,8,0,255,255,0,0,0,0,0,0,0,0,0,255,255,255,255,255,255,171,0,0,0,0,0,0,0,0,0,0,255,255,255,255,255,0,0,0,0,0,0
6,0,0,0,0,0,255,255,255,255,255,0,0,0,0,0,0,0,0,0,0,182,255,255,255,255,255,0,0,0,0,0,0,0,0,0,0,255,255,0,0,0,0,0,0,0,0,0,0,0,0,0,0,255,255,0,0,0,0,0,0,0,0,0,0,0,0,0,0,255,255,0,0,0,0,0,0,0,0,0,0,0,0,0,0,255,255,0,0,0,0,0,0,0,0,0,0,0,0,0,0,255,255,183,183,183,0,0,0,0,0,0,0,0,0,0,0,182,255,255,255,255,255,0,0,0,0,0,0,0,0,0,0,255,255,255,255,255,255,255,0,0,0,0,0,0,0,0,0,255,255,0,0,0,218,255,0,0,0,0,0,0,0,0,0,255,255,0,0,0,255,255,0,0,0,0,0,0,0,0,0,255,255,0,0,0,255,255,0,0,0,0,0,0,0,0,0,255,255,0,0,0,255,255,0,0,0,0,0,0,0,0,0,255,255,0,0,0,255,255,0,0,0,0,0,0,0,0,0,255,255,255,255,255,255,255,0,0,0,0,0,0,0,0,0,0,255,255,255,255,255,0,0,0,0,0,0
6,0,0,0,0,0,255,255,255,255,255,0,0,0,0,0,0,0,0,0,0,200,255,255,255,255,127,0,0,0,0,0,0,0,0,0,0,255,255,0,0,0,0,0,0,0,0,0,0,0,0,0,0,255,255,0,0,0,0,0,0,0,0,0,0,0,0,0,0,255,255,0,0,0,0,0,0,0,0,0,0,0,0,0,0,255,255,0,0,0,0,0,0,0,0,0,0,0,0,0,0,255,255,0,92,0,0,0,0,0,0,0,0,0,0,0,0,200,255,255,255,255,255,0,0,0,0,0,0,0,0,0,0,255,255,255,255,255,255,255,0,0,0,0,0,0,0,0,0,255,255,0,0,0,255,255,0,0,0,0,0,0,0,0,0,255,255,0,0,0,255,255,0,0,0,0,0,0,0,0,0,255,255,0,0,0,255,255,0,0,0,0,0,0,0,0,0,255,255,0,0,0,255,255,0,0,0,0,0,0,0,0,0,255,255,8,4,0,255,255,0,0,0,0,0,0,0,0,0,255,255,255,255,255,255,243,0,0,0,0,0,0,0,0,0,0,255,255,255,255,255,0,0,0,0,0,0
7,0,0,0,0,0,255,255,255,255,255,0,0,0,0,0,0,0,0,0,0,0,7,255,255,255,255,246,0,0,0,0,0,0,0,0,0,0,0,0,0,0,0,255,0,0,0,0,0,0,0,0,0,0,0,0,0,0,0,255,0,0,0,0,0,0,0,0,0,0,0,0,0,0,0,255,0,0,0,0,0,0,0,0,0,0,0,0,0,0,191,255,0,0,0,0,0,0,0,0,0,0,0,0,0,0,191,255,0,0,0,0,0,0,0,0,0,0,0,0,0,0,0,153,0,0,0,0,0,0,0,0,0,0,0,0,0,0,0,106,0,0,0,0,0,0,0,0,0,0,0,0,0,0,0,255,0,0,0,0,0,0,0,0,0,0,0,0,0,0,191,255,0,0,0,0,0,0,0,0,0,0,0,0,0,0,255,255,0,0,0,0,0,0,0,0,0,0,0,0,0,0,255,255,0,0,0,0,0,0,0,0,0,0,0,0,0,0,255,255,0,0,0,0,0,0,0,0,0,0,0,0,0,0,255,255,0,0,0,0,0,0,0,0,0,0,0,0,0,0,0,255,0,0,0,0,0
7,0,0,0,0,0,255,255,255,255,255,0,0,0,0,0,0,0,0,0,0,0,0,255,255,255,255,152,0,0,0,0,0,0,0,0,0,0,0,0,0,0,0,255,0,0,0,0,0,0,0,0,0,0,0,0,0,0,0,255,0,0,0,0,0,0,0,0,0,0,0,0,0,0,0,255,0,0,0,0,0,0,0,0,0,0,0,0,0,0,191,255,0,0,0,0,0,0,0,0,0,0,0,0,0,0,191,255,0,0,0,0,0,0,0,0,0,0,0,0,0,0,0,0,0,0,0,0,0,0,0,0,0,0,0,0,0,0,0,0,0,0,0,0,0,0,0,0,0,0,0,0,0,0,0,255,0,0,0,0,0,0,0,0,0,0,0,0,0,0,191,255,0,0,0,0,0,0,0,0,0,0,0,0,0,0,255,255,0,0,0,0,0,0,0,0,0,0,0,0,0,0,255,255,0,0,0,0,0,0,0,0,0,0,0,0,0,0,255,255,0,0,0,0,0,0,0,0,0,0,0,0,0,0,193,255,0,0,0,0,0,0,0,0,0,0,0,0,0,0,0,157,0,0,0,0,0
7,0,0,0,0,0,255,255,255,255,255,0,0,0,0,0,0,0,0,0,0,0,255,255,255,255,255,255,0,0,0,0,0,0,0,0,0,0,0,255,255,255,255,255,0,0,0,0,0,0,0,0,0,0,0,0,0,0,255,255,0,0,0,0,0,0,0,0,0,0,0,0,0,0,255,255,0,0,0,0,0,0,0,0,0,0,0,0,0,0,255,255,0,0,0,0,0,0,0,0,0,0,0,0,0,0,255,255,0,0,0,0,0,0,0,0,0,0,0,0,0,0,255,255,0,0,0,0,0,0,0,0,0,0,0,0,0,0,255,255,0,0,0,0,0,0,0,0,0,0,0,0,0,0,255,255,0,0,0,0,0,0,0,0,0,0,0,0,0,0,255,255,0,0,0,0,0,0,0,0,0,0,0,0,0,0,255,255,0,0,0,0,0,0,0,0,0,0,0,0,0,0,255,255,0,0,0,0,0,0,0,0,0,0,0,0,0,0,255,255,0,0,0,0,0,0,0,0,0,0,0,0,0,0,255,255,0,0,0,0,0,0,0,0,0,0,0,0,0,0,0,143,0,0,0,0,0
7,0,0,0,0,0,255,255,255,255,255,0,0,0,0,0,0,0,0,0,0,0,255,255,255,255,255,255,0,0,0,0,0,0,0,0,0,0,0,255,255,255,255,255,0,0,0,0,0,0,0,0,0,0,0,0,0,0,255,255,0,0,0,0,0,0,0,0,0,0,0,0,0,0,255,255,0,0,0,0,0,0,0,0,0,0,0,0,0,0,255,255,0,0,0,0,0,0,0,0,0,0,0,0,0,0,255,255,0,0,0,0,0,0,0,0,0,0,0,0,0,0,255,245,0,0,0,0,0,0,0,0,0,0,0,0,0,0,255,233,0,0,0,0,0,0,0,0,0,0,0,0,0,0,255,255,0,0,0,0,0,0,0,0,0,0,0,0,0,0,255,255,0,0,0,0,0,0,0,0,0,0,0,0,0,0,255,255,0,0,0,0,0,0,0,0,0,0,0,0,0,0,255,255,0,0,0,0,0,0,0,0,0,0,0,0,0,0,255,255,0,0,0,0,0,0,0,0,0,0,0,0,0,0,255,255,0,0,0,0,0,0,0,0,0,0,0,0,0,0,171,0,0,0,0,0,0
7,0,0,0,0,255,255,255,255,255,255,0,0,0,0,0,0,0,0,0,0,255,255,255,255,255,255,255,0,0,0,0,0,0,0,0,0,0,255,255,255,255,255,255,0,0,0,0,0,0,0,0,0,0,0,0,0,0,255,255,0,0,0,0,0,0,0,0,0,0,0,0,0,0,255,255,0,0,0,0,0,0,0,0,0,0,0,0,0,128,255,255,0,0,0,0,0,0,0,0,0,0,0,0,0,128,255,255,0,0,0,0,0,0,0,0,0,0,0,0,0,64,255,255,0,0,0,0,0,0,0,0,0,0,0,0,0,0,255,128,0,0,0,0,0,0,0,0,0,0,0,0,0,0,255,255,0,0,0,0,0,0,0,0,0,0,0,0,0,255,255,255,0,0,0,0,0,0,0,0,0,0,0,0,0,255,255,255,0,0,0,0,0,0,0,0,0,0,0,0,0,255,255,255,0,0,0,0,0,0,0,0,0,0,0,0,0,255,255,255,0,0,0,0,0,0,0,0,0,0,0,0,0,191,255,255,0,0,0,0,0,0,0,0,0,0,0,0,0,0,255,191,0,0,0,0,0
7,0,0,0,0,0,255,255,255,255,52,0,0,0,0,0,0,0,0,0,0,0,255,255,255,255,255,0,0,0,0,0,0,0,0,0,0,0,0,0,0,0,255,212,0,0,0,0,0,0,0,0,0,0,0,0,0,0,255,212,0,0,0,0,0,0,0,0,0,0,0,0,0,0,255,212,0,0,0,0,0,0,0,0,0,0,0,0,0,0,255,255,0,0,0,0,0,0,0,0,0,0,0,0,0,0,255,255,0,0,0,0,0,0,0,0,0,0,0,0,0,0,116,0,0,0,0,0,0,0,0,0,0,0,0,0,0,0,0,0,0,0,0,0,0,0,0,0,0,0,0,0,0,0,127,255,0,0,0,0,0,0,0,0,0,0,0,0,0,0,255,255,0,0,0,0,0,0,0,0,0,0,0,0,0,0,255,255,0,0,0,0,0,0,0,0,0,0,0,0,0,0,255,255,0,0,0,0,0,0,0,0,0,0,0,0,0,0,255,255,0,0,0,0,0,0,0,0,0,0,0,0,0,0,255,255,0,0,0,0,0,0,0,0,0,0,0,0,0,0,0,255,0,0,0,0,0
7,0,0,0,0,255,255,255,255,255,0,0,0,0,0,0,0,0,0,0,0,223,255,255,255,255,23,0,0,0,0,0,0,0,0,0,0,0,9,5,32,5,255,96,0,0,0,0,0,0,0,0,0,0,0,0,0,0,255,109,0,0,0,0,0,0,0,0,0,0,0,0,0,0,255,109,0,0,0,0,0,0,0,0,0,0,0,0,0,0,255,109,0,0,0,0,0,0,0,0,0,0,0,0,0,0,255,255,0,0,0,0,0,0,0,0,0,0,0,0,0,0,255,41,0,0,0,0,0,0,0,0,0,0,0,0,0,0,0,0,0,0,0,0,0,0,0,0,0,0,0,0,0,0,255,255,0,0,0,0,0,0,0,0,0,0,0,0,0,0,255,255,0,0,0,0,0,0,0,0,0,0,0,0,0,0,255,255,0,0,0,0,0,0,0,0,0,0,0,0,0,0,255,255,0,0,0,0,0,0,0,0,0,0,0,0,0,0,255,255,0,0,0,0,0,0,0,0,0,0,0,0,0,0,255,255,0,0,0,0,0,0,0,0,0,0,0,0,0,0,0,255,0,0,0,0,0
7,0,0,0,0,0,255,255,255,255,255,0,0,0,0,0,0,0,0,0,0,0,0,255,255,255,255,255,0,0,0,0,0,0,0,0,0,0,0,0,0,0,64,255,0,0,0,0,0,0,0,0,0,0,0,0,0,0,64,255,0,0,0,0,0,0,0,0,0,0,0,0,0,0,255,255,0,0,0,0,0,0,0,0,0,0,0,0,0,0,255,255,0,0,0,0,0,0,0,0,0,0,0,0,0,0,255,255,0,0,0,0,0,0,0,0,0,0,0,0,0,0,231,135,0,0,0,0,0,0,0,0,0,0,0,0,0,0,0,0,0,0,0,0,0,0,0,0,0,0,0,0,0,0,255,255,0,0,0,0,0,0,0,0,0,0,0,0,0,0,255,255,0,0,0,0,0,0,0,0,0,0,0,0,0,0,255,149,0,0,0,0,0,0,0,0,0,0,0,0,0,0,255,0,0,0,0,0,0,0,0,0,0,0,0,0,0,0,255,0,0,0,0,0,0,0,0,0,0,0,0,0,0,5,255,0,0,0,0,0,0,0,0,0,0,0,0,0,0,0,255,0,0,0,0,0,0
7,0,0,0,0,0,255,255,255,255,255,0,0,0,0,0,0,0,0,0,0,0,232,255,255,255,255,255,0,0,0,0,0,0,0,0,0,0,0,0,0,0,255,255,0,0,0,0,0,0,0,0,0,0,0,0,0,0,255,255,0,0,0,0,0,0,0,0,0,0,0,0,0,0,255,255,0,0,0,0,0,0,0,0,0,0,0,0,0,0,255,255,0,0,0,0,0,0,0,0,0,0,0,0,0,0,255,255,0,0,0,0,0,0,0,0,0,0,0,0,0,0,237,0,0,0,0,0,0,0,0,0,0,0,0,0,0,0,64,0,0,0,0,0,0,0,0,0,0,0,0,0,0,0,255,149,0,0,0,0,0,0,0,0,0,0,0,0,0,0,255,149,0,0,0,0,0,0,0,0,0,0,0,0,0,7,255,0,0,0,0,0,0,0,0,0,0,0,0,0,0,21,255,0,0,0,0,0,0,0,0,0,0,0,0,0,0,21,255,0,0,0,0,0,0,0,0,0,0,0,0,0,0,72,255,0,0,0,0,0,0,0,0,0,0,0,0,0,0,0,255,0,0,0,0,0,0
7,0,0,0,0,0,217,255,255,255,255,0,0,0,0,0,0,0,0,0,0,0,149,255,255,255,255,255,0,0,0,0,0,0,0,0,0,0,0,0,0,0,0,255,0,0,0,0,0,0,0,0,0,0,0,0,0,0,191,255,0,0,0,0,0,0,0,0,0,0,0,0,0,0,255,255,0,0,0,0,0,0,0,0,0,0,0,0,0,0,255,255,0,0,0,0,0,0,0,0,0,0,0,0,0,0,255,255,0,0,0,0,0,0,0,0,0,0,0,0,0,0,191,191,0,0,0,0,0,0,0,0,0,0,0,0,0,0,0,191,0,0,0,0,0,0,0,0,0,0,0,0,0,0,255,255,0,0,0,0,0,0,0,0,0,0,0,0,0,0,255,255,0,0,0,0,0,0,0,0,0,0,0,0,0,0,255,255,0,0,0,0,0,0,0,0,0,0,0,0,0,0,255,255,0,0,0,0,0,0,0,0,0,0,0,0,0,0,255,191,0,0,0,0,0,0,0,0,0,0,0,0,0,0,255,191,0,0,0,0,0,0,0,0,0,0,0,0,0,0,0,0,0,0,0,0,0
7,0,0,0,0,0,255,255,255,255,255,0,0,0,0,0,0,0,0,0,0,0,133,255,255,255,255,255,0,0,0,0,0,0,0,0,0,0,0,0,0,0,0,255,0,0,0,0,0,0,0,0,0,0,0,0,0,0,215,255,0,0,0,0,0,0,0,0,0,0,0,0,0,0,255,255,0,0,0,0,0,0,0,0,0,0,0,0,0,0,255,255,0,0,0,0,0,0,0,0,0,0,0,0,0,0,255,255,0,0,0,0,0,0,0,0,0,0,0,0,0,0,0,247,0,0,0,0,0,0,0,0,0,0,0,0,0,0,0,170,0,0,0,0,0,0,0,0,0,0,0,0,0,0,0,255,0,0,0,0,0,0,0,0,0,0,0,0,0,0,255,255,0,0,0,0,0,0,0,0,0,0,0,0,0,0,255,255,0,0,0,0,0,0,0,0,0,0,0,0,0,0,255,255,0,0,0,0,0,0,0,0,0,0,0,0,0,0,255,255,0,0,0,0,0,0,0,0,0,0,0,0,0,0,255,255,0,0,0,0,0,0,0,0,0,0,0,0,0,0,0,255,0,0,0,0,0
7,0,0,0,0,0,255,255,255,255,255,0,0,0,0,0,0,0,0,0,0,0,222,255,255,255,255,255,0,0,0,0,0,0,0,0,0,0,0,0,17,0,255,255,0,0,0,0,0,0,0,0,0,0,0,0,0,0,255,255,0,0,0,0,0,0,0,0,0,0,0,0,0,0,255,255,0,0,0,0,0,0,0,0,0,0,0,0,0,0,255,255,0,0,0,0,0,0,0,0,0,0,0,0,0,0,255,255,0,0,0,0,0,0,0,0,0,0,0,0,0,0,0,255,0,0,0,0,0,0,0,0,0,0,0,0,0,0,0,255,0,0,0,0,0,0,0,0,0,0,0,0,0,0,255,255,0,0,0,0,0,0,0,0,0,0,0,0,0,0,255,255,0,0,0,0,0,0,0,0,0,0,0,0,0,0,255,255,0,0,0,0,0,0,0,0,0,0,0,0,0,0,255,255,0,0,0,0,0,0,0,0,0,0,0,0,0,0,255,255,0,0,0,0,0,0,0,0,0,0,0,0,0,0,255,255,0,0,0,0,0,0,0,0,0,0,0,0,0,0,0,255,0,0,0,0,0
7,0,0,0,0,0,255,255,255,255,104,0,0,0,0,0,0,0,0,0,0,0,133,255,255,255,255,255,0,0,0,0,0,0,0,0,0,0,0,0,0,0,255,255,0,0,0,0,0,0,0,0,0,0,0,0,0,0,255,255,0,0,0,0,0,0,0,0,0,0,0,0,0,0,255,255,0,0,0,0,0,0,0,0,0,0,0,0,0,0,255,255,0,0,0,0,0,0,0,0,0,0,0,0,0,0,255,255,0,0,0,0,0,0,0,0,0,0,0,0,0,0,0,255,0,0,0,0,0,0,0,0,0,0,0,0,0,0,0,255,0,0,0,0,0,0,0,0,0,0,0,0,0,0,255,255,0,0,0,0,0,0,0,0,0,0,0,0,0,0,255,255,0,0,0,0,0,0,0,0,0,0,0,0,0,0,255,255,0,0,0,0,0,0,0,0,0,0,0,0,0,0,255,255,0,0,0,0,0,0,0,0,0,0,0,0,0,0,255,255,0,0,0,0,0,0,0,0,0,0,0,0,0,0,255,255,0,0,0,0,0,0,0,0,0,0,0,0,0,0,0,255,0,0,0,0,0
7,0,0,0,0,0,255,255,255,255,255,0,0,0,0,0,0,0,0,0,0,0,133,255,255,255,255,255,0,0,0,0,0,0,0,0,0,0,0,0,0,0,0,255,0,0,0,0,0,0,0,0,0,0,0,0,0,0,215,255,0,0,0,0,0,0,0,0,0,0,0,0,0,0,255,255,0,0,0,0,0,0,0,0,0,0,0,0,0,0,255,255,0,0,0,0,0,0,0,0,0,0,0,0,0,0,255,255,0,0,0,0,0,0,0,0,0,0,0,0,0,0,0,255,0,0,0,0,0,0,0,0,0,0,0,0,0,0,0,255,0,0,0,0,0,0,0,0,0,0,0,0,0,0,255,255,0,0,0,0,0,0,0,0,0,0,0,0,0,0,255,255,0,0,0,0,0,0,0,0,0,0,0,0,0,0,255,255,0,0,0,0,0,0,0,0,0,0,0,0,0,0,255,255,0,0,0,0,0,0,0,0,0,0,0,0,0,0,255,255,0,0,0,0,0,0,0,0,0,0,0,0,0,0,255,255,0,0,0,0,0,0,0,0,0,0,0,0,0,0,0,255,0,0,0,0,0
7,0,0,0,0,0,255,255,255,255,255,0,0,0,0,0,0,0,0,0,0,0,170,255,255,255,255,255,0,0,0,0,0,0,0,0,0,0,0,0,0,0,0,255,0,0,0,0,0,0,0,0,0,0,0,0,0,0,215,255,0,0,0,0,0,0,0,0,0,0,0,0,0,0,255,255,0,0,0,0,0,0,0,0,0,0,0,0,0,0,255,255,0,0,0,0,0,0,0,0,0,0,0,0,0,0,255,255,0,0,0,0,0,0,0,0,0,0,0,0,0,0,0,255,0,0,0,0,0,0,0,0,0,0,0,0,0,0,0,255,0,0,0,0,0,0,0,0,0,0,0,0,0,0,0,255,0,0,0,0,0,0,0,0,0,0,0,0,0,0,255,255,0,0,0,0,0,0,0,0,0,0,0,0,0,0,255,255,0,0,0,0,0,0,0,0,0,0,0,0,0,0,255,255,0,0,0,0,0,0,0,0,0,0,0,0,0,0,255,255,0,0,0,0,0,0,0,0,0,0,0,0,0,0,255,255,0,0,0,0,0,0,0,0,0,0,0,0,0,0,0,255,0,0,0,0,0
8,0,0,0,0,0,255,255,255,255,255,0,0,0,0,0,0,0,0,0,0,0,255,255,255,255,255,255,0,0,0,0,0,0,0,0,0,0,255,0,0,0,0,255,0,0,0,0,0,0,0,0,0,182,255,0,0,0,0,255,0,0,0,0,0,0,0,0,0,182,255,0,0,0,218,255,0,0,0,0,0,0,0,0,0,182,255,0,0,0,218,255,0,0,0,0,0,0,0,0,0,182,255,0,0,0,255,255,0,0,0,0,0,0,0,0,0,0,255,255,255,255,255,0,0,0,0,0,0,0,0,0,0,255,255,255,255,255,255,184,0,0,0,0,0,0,0,0,0,255,255,0,0,0,218,255,0,0,0,0,0,0,0,0,0,255,218,0,0,0,218,255,0,0,0,0,0,0,0,0,0,255,218,0,0,0,218,255,0,0,0,0,0,0,0,0,0,255,218,0,0,0,255,255,0,0,0,0,0,0,0,0,0,255,218,0,0,0,255,182,0,0,0,0,0,0,0,0,0,255,255,255,255,255,255,108,0,0,0,0,0,0,0,0,0,0,255,255,255,255,255,0,0,0,0,0,0
8,0,0,0,0,0,159,255,255,255,255,0,0,0,0,0,0,0,0,0,0,0,255,255,255,255,255,255,0,0,0,0,0,0,0,0,0,0,255,0,0,0,0,255,0,0,0,0,0,0,0,0,0,182,255,0,0,0,0,255,0,0,0,0,0,0,0,0,0,182,255,0,0,0,0,255,0,0,0,0,0,0,0,0,0,196,255,0,0,0,218,255,0,0,0,0,0,0,0,0,0,182,255,0,0,0,255,232,0,0,0,0,0,0,0,0,0,0,255,255,255,255,255,0,0,0,0,0,0,0,0,0,0,223,255,255,255,255,255,182,0,0,0,0,0,0,0,0,0,255,255,0,0,0,218,255,0,0,0,0,0,0,0,0,0,255,225,0,0,0,248,255,0,0,0,0,0,0,0,0,0,255,218,0,0,0,255,255,0,0,0,0,0,0,0,0,0,255,218,0,0,0,255,255,0,0,0,0,0,0,0,0,0,255,218,0,0,0,255,182,0,0,0,0,0,0,0,0,0,255,255,255,255,255,255,0,0,0,0,0,0,0,0,0,0,0,255,255,255,255,255,0,0,0,0,0,0
8,0,0,0,0,0,0,255,255,255,255,255,0,0,0,0,0,0,0,0,0,0,255,255,255,255,255,255,228,0,0,0,0,0,0,0,0,0,255,255,255,255,255,255,255,0,0,0,0,0,0,0,0,0,255,255,0,0,0,255,255,0,0,0,0,0,0,0,0,0,255,255,0,0,0,255,255,0,0,0,0,0,0,0,0,0,255,255,0,0,0,255,255,0,0,0,0,0,0,0,0,0,255,255,255,255,255,255,255,0,0,0,0,0,0,0,0,0,255,255,255,255,255,255,0,0,0,0,0,0,0,0,0,0,255,255,255,255,255,255,255,0,0,0,0,0,0,0,0,167,255,255,0,0,0,255,255,0,0,0,0,0,0,0,0,0,255,255,0,0,159,255,255,0,0,0,0,0,0,0,0,255,255,255,0,0,159,255,255,0,0,0,0,0,0,0,0,255,255,255,0,0,159,255,255,0,0,0,0,0,0,0,0,223,255,255,255,255,255,255,223,0,0,0,0,0,0,0,0,35,255,255,255,255,255,255,0,0,0,0,0,0,0,0,0,0,255,255,255,255,255,255,0,0,0,0,0
8,0,0,0,0,0,0,255,255,255,255,255,0,0,0,0,0,0,0,0,0,0,255,255,255,255,255,255,255,0,0,0,0,0,0,0,0,0,255,255,255,255,255,255,255,0,0,0,0,0,0,0,0,0,255,255,0,0,0,255,255,0,0,0,0,0,0,0,0,0,255,255,0,0,0,255,255,0,0,0,0,0,0,0,0,0,255,255,0,0,0,255,255,0,0,0,0,0,0,0,0,0,255,255,255,255,255,255,255,0,0,0,0,0,0,0,0,0,255,255,255,255,255,255,207,0,0,0,0,0,0,0,0,0,255,255,255,255,255,255,255,0,0,0,0,0,0,0,0,0,255,255,0,0,0,255,255,0,0,0,0,0,0,0,0,0,255,255,0,0,0,255,255,0,0,0,0,0,0,0,0,0,255,255,0,0,0,255,255,0,0,0,0,0,0,0,0,0,255,255,0,0,239,255,255,0,0,0,0,0,0,0,0,207,255,255,255,255,255,255,255,0,0,0,0,0,0,0,0,32,255,255,255,255,255,255,207,0,0,0,0,0,0,0,0,0,255,255,255,255,255,255,0,0,0,0,0
8,0,0,0,0,0,0,255,255,255,255,255,0,0,0,0,0,0,0,0,0,0,134,255,255,255,255,255,0,0,0,0,0,0,0,0,0,0,255,255,255,255,255,255,171,0,0,0,0,0,0,0,0,0,255,255,0,0,0,255,255,0,0,0,0,0,0,0,0,0,255,255,0,0,0,255,255,0,0,0,0,0,0,0,0,0,255,255,0,0,0,255,255,0,0,0,0,0,0,0,0,0,255,255,203,0,82,255,255,0,0,0,0,0,0,0,0,0,255,255,255,255,255,255,0,0,0,0,0,0,0,0,0,0,255,255,255,255,255,255,255,0,0,0,0,0,0,0,0,0,255,255,0,0,0,255,255,0,0,0,0,0,0,0,0,0,255,255,0,0,0,255,255,0,0,0,0,0,0,0,0,0,255,255,0,0,0,255,255,0,0,0,0,0,0,0,0,0,255,255,0,0,0,255,255,0,0,0,0,0,0,0,0,207,255,255,151,71,104,255,255,0,0,0,0,0,0,0,0,32,255,255,255,255,255,255,255,0,0,0,0,0,0,0,0,0,255,255,255,255,255,215,0,0,0,0,0
8,0,0,0,0,0,255,255,255,255,91,0,0,0,0,0,0,0,0,0,0,255,255,255,255,255,219,200,0,0,0,0,0,0,0,0,0,255,255,0,0,0,255,200,0,0,0,0,0,0,0,0,0,255,255,0,0,0,255,200,0,0,0,0,0,0,0,0,0,255,255,0,0,0,255,255,0,0,0,0,0,0,0,0,0,255,255,0,0,0,255,255,0,0,0,0,0,0,0,0,0,255,255,183,0,0,255,255,0,0,0,0,0,0,0,0,0,255,255,255,255,255,255,0,0,0,0,0,0,0,0,0,0,255,255,255,255,255,255,205,0,0,0,0,0,0,0,0,0,255,255,0,0,0,255,255,0,0,0,0,0,0,0,0,0,255,255,0,0,0,255,255,0,0,0,0,0,0,0,0,0,255,255,0,0,0,255,255,0,0,0,0,0,0,0,0,0,255,255,0,0,0,255,255,0,0,0,0,0,0,0,0,0,255,255,7,0,0,255,255,0,0,0,0,0,0,0,0,0,255,255,255,255,255,255,255,0,0,0,0,0,0,0,0,0,0,255,255,255,255,255,119,0,0,0,0,0
8,0,0,0,0,0,255,255,255,255,0,0,0,0,0,0,0,0,0,0,0,255,255,255,255,255,48,0,0,0,0,0,0,0,0,0,0,255,255,0,0,0,255,0,0,0,0,0,0,0,0,0,0,255,255,0,0,0,255,0,0,0,0,0,0,0,0,0,0,255,255,0,0,0,255,0,0,0,0,0,0,0,0,0,0,255,255,0,0,0,255,0,0,0,0,0,0,0,0,0,0,255,255,111,143,255,255,237,0,0,0,0,0,0,0,0,0,237,255,255,255,255,255,0,0,0,0,0,0,0,0,0,0,248,255,255,255,255,255,148,0,0,0,0,0,0,0,0,0,255,255,0,0,0,255,255,0,0,0,0,0,0,0,0,0,255,255,0,0,0,255,255,0,0,0,0,0,0,0,0,0,255,255,0,0,0,255,255,0,0,0,0,0,0,0,0,0,255,255,0,0,0,255,255,0,0,0,0,0,0,0,0,0,239,255,143,112,0,255,255,0,0,0,0,0,0,0,0,0,0,255,255,255,255,255,253,0,0,0,0,0,0,0,0,0,0,234,255,255,255,255,0,0,0,0,0,0
8,0,0,0,0,0,255,255,255,255,255,0,0,0,0,0,0,0,0,0,0,0,255,255,255,255,255,218,0,0,0,0,0,0,0,0,0,218,255,0,0,0,109,255,0,0,0,0,0,0,0,0,0,218,255,0,0,0,255,255,0,0,0,0,0,0,0,0,0,218,255,0,0,0,255,255,0,0,0,0,0,0,0,0,0,218,255,0,0,0,255,255,0,0,0,0,0,0,0,0,0,218,255,80,80,130,255,255,0,0,0,0,0,0,0,0,0,0,255,255,255,255,255,218,0,0,0,0,0,0,0,0,0,218,255,255,255,255,255,255,0,0,0,0,0,0,0,0,0,218,255,0,0,0,255,255,0,0,0,0,0,0,0,0,0,218,255,0,0,0,255,255,0,0,0,0,0,0,0,0,0,255,255,0,0,0,255,255,0,0,0,0,0,0,0,0,0,255,255,0,0,0,255,255,0,0,0,0,0,0,0,0,0,248,255,14,0,0,255,255,0,0,0,0,0,0,0,0,0,218,255,255,255,255,255,255,0,0,0,0,0,0,0,0,0,0,255,255,255,255,255,0,0,0,0,0,0
8,0,0,0,0,0,255,255,255,255,255,0,0,0,0,0,0,0,0,0,0,255,255,255,255,255,255,182,0,0,0,0,0,0,0,0,0,255,255,0,0,0,255,255,0,0,0,0,0,0,0,0,0,255,255,0,0,0,255,255,0,0,0,0,0,0,0,0,0,255,255,0,0,0,255,255,0,0,0,0,0,0,0,0,0,255,255,0,0,0,255,255,0,0,0,0,0,0,0,0,0,255,255,183,183,183,255,255,0,0,0,0,0,0,0,0,0,182,255,255,255,255,255,255,0,0,0,0,0,0,0,0,0,255,255,255,255,255,255,255,0,0,0,0,0,0,0,0,0,255,255,0,0,0,255,255,0,0,0,0,0,0,0,0,0,255,255,0,0,0,255,255,0,0,0,0,0,0,0,0,0,255,255,0,0,0,255,255,0,0,0,0,0,0,0,0,0,255,255,0,0,0,255,255,0,0,0,0,0,0,0,0,0,255,255,8,0,5,255,255,0,0,0,0,0,0,0,0,0,255,255,255,255,255,255,255,0,0,0,0,0,0,0,0,0,0,255,255,255,255,255,0,0,0,0,0,0
8,0,0,0,0,0,0,255,255,255,255,255,0,0,0,0,0,0,0,0,0,0,255,255,255,255,255,255,255,0,0,0,0,0,0,0,0,0,255,255,0,1,8,0,255,0,0,0,0,0,0,0,0,0,255,255,0,0,0,255,255,0,0,0,0,0,0,0,0,0,255,255,0,0,0,255,255,0,0,0,0,0,0,0,0,0,255,255,0,0,0,255,255,0,0,0,0,0,0,0,0,0,255,255,0,183,183,255,198,0,0,0,0,0,0,0,0,0,255,255,255,255,255,255,0,0,0,0,0,0,0,0,0,0,255,255,255,255,255,255,175,0,0,0,0,0,0,0,0,0,255,143,0,0,0,255,175,0,0,0,0,0,0,0,0,82,255,0,0,0,0,255,93,0,0,0,0,0,0,0,0,175,255,0,0,0,0,255,0,0,0,0,0,0,0,0,0,255,255,0,0,0,0,255,0,0,0,0,0,0,0,0,0,255,255,3,0,0,147,255,0,0,0,0,0,0,0,0,0,255,255,255,255,255,255,255,0,0,0,0,0,0,0,0,0,0,255,255,255,255,255,158,0,0,0,0,0
8,0,0,0,0,0,0,255,255,255,255,255,0,0,0,0,0,0,0,0,0,0,255,255,255,255,255,255,223,0,0,0,0,0,0,0,0,0,255,255,0,0,0,32,255,0,0,0,0,0,0,0,0,0,255,255,0,0,0,255,255,0,0,0,0,0,0,0,0,0,255,255,0,0,0,255,255,0,0,0,0,0,0,0,0,0,255,223,0,0,0,255,255,0,0,0,0,0,0,0,0,0,255,255,255,115,32,255,243,0,0,0,0,0,0,0,0,0,255,255,255,255,255,255,0,0,0,0,0,0,0,0,0,0,255,255,255,255,255,255,100,0,0,0,0,0,0,0,0,159,255,0,0,0,0,255,159,0,0,0,0,0,0,0,0,171,255,0,0,0,0,255,159,0,0,0,0,0,0,0,0,255,255,0,0,0,0,255,100,0,0,0,0,0,0,0,0,255,255,0,0,0,0,255,0,0,0,0,0,0,0,0,0,255,255,0,0,0,251,255,0,0,0,0,0,0,0,0,0,255,255,255,255,255,255,255,0,0,0,0,0,0,0,0,0,0,255,255,255,255,255,0,0,0,0,0,0
8,0,0,0,0,0,255,255,255,255,255,0,0,0,0,0,0,0,0,0,0,182,255,255,255,255,255,255,0,0,0,0,0,0,0,0,0,182,255,0,0,0,0,255,0,0,0,0,0,0,0,0,0,255,255,0,0,0,218,255,0,0,0,0,0,0,0,0,0,255,255,0,0,0,218,255,0,0,0,0,0,0,0,0,0,255,255,0,0,0,255,255,0,0,0,0,0,0,0,0,0,255,255,255,32,32,255,255,0,0,0,0,0,0,0,0,0,0,255,255,255,255,255,255,0,0,0,0,0,0,0,0,0,255,255,255,255,255,255,255,0,0,0,0,0,0,0,0,0,255,255,0,0,0,255,255,0,0,0,0,0,0,0,0,0,255,255,0,0,0,255,255,0,0,0,0,0,0,0,0,0,255,255,0,0,0,255,255,0,0,0,0,0,0,0,0,0,255,255,0,0,0,255,255,0,0,0,0,0,0,0,0,0,255,255,223,0,0,255,255,0,0,0,0,0,0,0,0,0,255,255,255,255,255,255,255,0,0,0,0,0,0,0,0,0,0,255,255,255,255,255,0,0,0,0,0,0
8,0,0,0,0,0,255,255,255,255,255,0,0,0,0,0,0,0,0,0,0,182,255,255,255,255,255,255,0,0,0,0,0,0,0,0,0,255,255,0,0,3,0,255,0,0,0,0,0,0,0,0,0,255,255,0,0,0,218,255,0,0,0,0,0,0,0,0,0,255,255,0,0,0,218,255,0,0,0,0,0,0,0,0,0,255,255,0,0,0,218,255,0,0,0,0,0,0,0,0,0,255,255,0,0,0,255,255,0,0,0,0,0,0,0,0,0,182,255,255,255,255,255,182,0,0,0,0,0,0,0,0,0,255,255,255,255,255,255,255,0,0,0,0,0,0,0,0,0,255,255,0,0,0,255,255,0,0,0,0,0,0,0,0,0,255,255,0,0,0,255,255,0,0,0,0,0,0,0,0,0,255,255,0,0,0,255,255,0,0,0,0,0,0,0,0,0,255,255,0,0,0,255,255,0,0,0,0,0,0,0,0,0,255,255,8,0,5,255,255,0,0,0,0,0,0,0,0,0,255,255,255,255,255,255,255,0,0,0,0,0,0,0,0,0,0,255,255,255,255,255,0,0,0,0,0,0
9,0,0,0,0,0,0,255,255,255,255,0,0,0,0,0,0,0,0,0,0,0,255,255,255,255,255,255,0,0,0,0,0,0,0,0,0,0,255,0,0,0,0,255,0,0,0,0,0,0,0,0,0,0,255,0,0,0,0,255,0,0,0,0,0,0,0,0,0,0,255,0,0,0,0,255,0,0,0,0,0,0,0,0,0,0,255,0,0,0,0,255,0,0,0,0,0,0,0,0,0,0,255,255,0,0,80,255,0,0,0,0,0,0,0,0,0,0,0,255,255,255,255,255,0,0,0,0,0,0,0,0,0,0,0,255,255,255,255,255,0,0,0,0,0,0,0,0,0,0,0,0,0,0,0,255,0,0,0,0,0,0,0,0,0,0,0,0,0,0,0,255,0,0,0,0,0,0,0,0,0,0,0,0,0,0,0,255,0,0,0,0,0,0,0,0,0,0,0,0,0,0,0,255,0,0,0,0,0,0,0,0,0,0,0,0,0,0,48,255,0,0,0,0,0,0,0,0,0,0,0,255,255,255,255,255,0,0,0,0,0,0,0,0,0,0,143,255,255,255,255,0,0,0,0,0,0
9,0,0,0,0,0,0,255,255,255,255,0,0,0,0,0,0,0,0,0,0,0,255,255,255,255,255,151,0,0,0,0,0,0,0,0,0,0,255,0,0,0,0,255,0,0,0,0,0,0,0,0,0,0,255,0,0,0,0,255,0,0,0,0,0,0,0,0,0,0,255,0,0,0,0,255,0,0,0,0,0,0,0,0,0,0,255,0,0,0,0,255,0,0,0,0,0,0,0,0,0,0,255,231,0,0,231,255,0,0,0,0,0,0,0,0,0,0,8,255,255,255,255,255,0,0,0,0,0,0,0,0,0,0,0,255,255,255,255,255,0,0,0,0,0,0,0,0,0,0,0,0,0,0,0,255,0,0,0,0,0,0,0,0,0,0,0,0,0,0,0,255,0,0,0,0,0,0,0,0,0,0,0,0,0,0,0,255,0,0,0,0,0,0,0,0,0,0,0,0,0,0,0,255,0,0,0,0,0,0,0,0,0,0,0,0,0,0,88,255,0,0,0,0,0,0,0,0,0,0,0,255,255,255,255,255,0,0,0,0,0,0,0,0,0,0,120,255,255,255,255,0,0,0,0,0,0
9,0,0,0,0,0,255,255,255,255,255,0,0,0,0,0,0,0,0,0,0,240,255,255,255,255,255,255,0,0,0,0,0,0,0,0,0,255,255,255,255,255,255,255,0,0,0,0,0,0,0,0,0,255,255,0,0,0,255,255,0,0,0,0,0,0,0,0,0,255,255,0,0,0,255,255,0,0,0,0,0,0,0,0,0,255,255,0,0,0,255,255,0,0,0,0,0,0,0,0,0,255,255,255,255,255,255,255,0,0,0,0,0,0,0,0,0,241,255,255,255,255,255,237,0,0,0,0,0,0,0,0,0,0,255,255,255,255,255,255,0,0,0,0,0,0,0,0,0,0,0,0,0,0,255,255,0,0,0,0,0,0,0,0,0,0,0,0,0,0,255,255,0,0,0,0,0,0,0,0,0,0,0,0,0,0,255,255,0,0,0,0,0,0,0,0,0,0,0,0,0,0,255,255,0,0,0,0,0,0,0,0,0,0,222,255,255,255,255,255,0,0,0,0,0,0,0,0,0,0,255,255,255,255,255,237,0,0,0,0,0,0,0,0,0,0,255,255,255,255,255,0,0,0,0,0,0
9,0,0,0,0,0,255,255,255,255,255,0,0,0,0,0,0,0,0,0,0,255,255,255,255,255,255,255,0,0,0,0,0,0,0,0,0,255,255,255,255,255,255,255,0,0,0,0,0,0,0,0,0,255,255,0,0,0,255,255,0,0,0,0,0,0,0,0,0,255,255,0,0,0,255,255,0,0,0,0,0,0,0,0,0,255,255,0,0,0,255,255,0,0,0,0,0,0,0,0,0,255,255,255,255,255,255,255,0,0,0,0,0,0,0,0,0,241,255,255,255,255,255,52,0,0,0,0,0,0,0,0,0,0,255,255,255,255,255,255,0,0,0,0,0,0,0,0,0,0,0,0,0,0,255,255,0,0,0,0,0,0,0,0,0,0,0,0,0,0,255,255,0,0,0,0,0,0,0,0,0,0,0,0,0,0,255,255,0,0,0,0,0,0,0,0,0,0,0,0,0,0,255,255,0,0,0,0,0,0,0,0,0,0,222,255,255,255,255,255,0,0,0,0,0,0,0,0,0,0,255,255,255,255,255,237,0,0,0,0,0,0,0,0,0,0,255,255,255,255,255,0,0,0,0,0,0
9,0,0,0,0,0,255,255,255,255,173,0,0,0,0,0,0,0,0,0,0,255,255,255,255,255,255,246,0,0,0,0,0,0,0,0,0,255,255,0,0,0,218,255,0,0,0,0,0,0,0,0,0,255,255,0,0,0,255,255,0,0,0,0,0,0,0,0,0,255,255,0,0,0,255,255,0,0,0,0,0,0,0,0,0,255,255,0,0,0,255,255,0,0,0,0,0,0,0,0,0,255,255,255,255,255,255,255,0,0,0,0,0,0,0,0,0,0,255,255,255,255,255,0,0,0,0,0,0,0,0,0,0,0,255,255,255,255,255,228,0,0,0,0,0,0,0,0,0,0,0,0,0,0,255,255,0,0,0,0,0,0,0,0,0,0,0,0,0,0,255,255,0,0,0,0,0,0,0,0,0,0,0,0,0,0,255,255,0,0,0,0,0,0,0,0,0,0,0,0,0,0,255,182,0,0,0,0,0,0,0,0,0,0,0,127,0,0,255,182,0,0,0,0,0,0,0,0,0,0,255,255,255,255,255,0,0,0,0,0,0,0,0,0,0,114,255,255,255,255,255,0,0,0,0,0,0
9,0,0,0,0,0,0,255,255,255,255,0,0,0,0,0,0,0,0,0,0,0,255,255,255,255,255,255,0,0,0,0,0,0,0,0,0,0,255,191,0,0,0,255,0,0,0,0,0,0,0,0,0,0,255,191,0,0,0,255,0,0,0,0,0,0,0,0,0,0,255,191,0,0,0,255,0,0,0,0,0,0,0,0,0,0,255,191,0,0,0,255,0,0,0,0,0,0,0,0,0,0,255,199,32,32,199,255,0,0,0,0,0,0,0,0,0,0,21,255,255,255,255,255,0,0,0,0,0,0,0,0,0,0,0,255,255,255,255,255,0,0,0,0,0,0,0,0,0,0,0,0,0,0,191,255,0,0,0,0,0,0,0,0,0,0,0,0,0,0,255,255,0,0,0,0,0,0,0,0,0,0,0,0,0,0,255,255,0,0,0,0,0,0,0,0,0,0,0,0,0,0,255,255,0,0,0,0,0,0,0,0,0,0,0,0,0,130,255,255,0,0,0,0,0,0,0,0,0,0,3,255,255,255,255,226,0,0,0,0,0,0,0,0,0,0,255,255,255,255,255,0,0,0,0,0,0
9,0,0,0,0,0,255,255,255,255,91,0,0,0,0,0,0,0,0,0,0,255,255,255,255,255,241,0,0,0,0,0,0,0,0,0,0,255,255,0,0,0,255,0,0,0,0,0,0,0,0,0,0,255,255,0,0,0,255,0,0,0,0,0,0,0,0,0,0,255,255,0,0,0,255,0,0,0,0,0,0,0,0,0,0,255,255,0,0,0,255,0,0,0,0,0,0,0,0,0,0,255,255,32,255,32,255,218,0,0,0,0,0,0,0,0,0,0,255,255,255,255,255,0,0,0,0,0,0,0,0,0,0,0,146,255,255,255,255,241,0,0,0,0,0,0,0,0,0,0,0,0,0,0,255,255,0,0,0,0,0,0,0,0,0,0,0,0,0,0,255,255,0,0,0,0,0,0,0,0,0,0,0,0,0,0,255,255,0,0,0,0,0,0,0,0,0,0,0,0,0,0,255,255,0,0,0,0,0,0,0,0,0,0,0,0,0,0,255,255,0,0,0,0,0,0,0,0,0,0,159,255,255,255,255,255,0,0,0,0,0,0,0,0,0,0,255,255,255,255,255,0,0,0,0,0,0
9,0,0,0,0,0,255,255,255,255,36,0,0,0,0,0,0,0,0,0,0,255,255,255,255,255,255,159,0,0,0,0,0,0,0,0,0,255,255,0,0,0,255,255,0,0,0,0,0,0,0,0,0,255,241,0,0,0,255,255,0,0,0,0,0,0,0,0,0,255,218,0,0,0,255,255,0,0,0,0,0,0,0,0,0,255,255,0,0,0,255,255,0,0,0,0,0,0,0,0,0,255,255,127,255,32,255,255,0,0,0,0,0,0,0,0,0,0,255,255,255,255,255,0,0,0,0,0,0,0,0,0,0,0,255,255,255,255,255,255,0,0,0,0,0,0,0,0,0,0,0,0,0,0,255,255,0,0,0,0,0,0,0,0,0,0,0,0,0,0,255,255,0,0,0,0,0,0,0,0,0,0,0,0,0,0,255,255,0,0,0,0,0,0,0,0,0,0,0,0,0,0,255,255,0,0,0,0,0,0,0,0,0,0,0,0,223,0,255,255,0,0,0,0,0,0,0,0,0,0,255,255,255,255,255,255,0,0,0,0,0,0,0,0,0,0,255,255,255,255,255,0,0,0,0,0,0
9,0,0,0,0,0,173,255,255,255,255,0,0,0,0,0,0,0,0,0,0,182,255,255,255,255,255,255,0,0,0,0,0,0,0,0,0,255,255,0,0,0,218,255,0,0,0,0,0,0,0,0,0,255,255,0,0,0,255,255,0,0,0,0,0,0,0,0,0,255,255,0,0,0,255,255,0,0,0,0,0,0,0,0,0,255,255,0,0,0,255,255,0,0,0,0,0,0,0,0,0,255,255,255,255,32,255,255,0,0,0,0,0,0,0,0,0,0,255,255,255,255,255,0,0,0,0,0,0,0,0,0,0,0,255,255,255,255,255,114,0,0,0,0,0,0,0,0,0,0,0,0,0,0,255,182,0,0,0,0,0,0,0,0,0,0,0,0,0,0,255,182,0,0,0,0,0,0,0,0,0,0,0,0,0,0,255,0,0,0,0,0,0,0,0,0,0,0,0,0,0,109,255,0,0,0,0,0,0,0,0,0,0,0,32,0,0,255,255,0,0,0,0,0,0,0,0,0,0,182,255,255,255,255,255,0,0,0,0,0,0,0,0,0,0,255,255,255,255,255,23,0,0,0,0,0,0
9,0,0,0,0,0,255,255,255,255,255,0,0,0,0,0,0,0,0,0,0,182,255,255,255,255,255,255,0,0,0,0,0,0,0,0,0,255,255,0,0,0,0,255,0,0,0,0,0,0,0,0,0,255,255,0,0,0,218,255,0,0,0,0,0,0,0,0,0,255,255,0,0,0,255,255,0,0,0,0,0,0,0,0,0,255,255,0,0,0,255,255,0,0,0,0,0,0,0,0,0,255,255,255,255,32,255,182,0,0,0,0,0,0,0,0,0,0,255,255,255,255,255,0,0,0,0,0,0,0,0,0,0,0,255,255,255,255,255,182,0,0,0,0,0,0,0,0,0,0,0,0,0,0,255,182,0,0,0,0,0,0,0,0,0,0,0,0,0,0,255,159,0,0,0,0,0,0,0,0,0,0,0,0,0,0,255,0,0,0,0,0,0,0,0,0,0,0,0,0,0,0,255,0,0,0,0,0,0,0,0,0,0,0,0,96,0,237,255,0,0,0,0,0,0,0,0,0,0,182,255,255,255,255,255,0,0,0,0,0,0,0,0,0,0,255,255,255,255,255,23,0,0,0,0,0,0
9,0,0,0,0,0,0,255,255,255,255,0,0,0,0,0,0,0,0,0,0,0,255,255,255,255,255,255,0,0,0,0,0,0,0,0,0,0,255,255,0,0,0,255,0,0,0,0,0,0,0,0,0,0,255,255,0,0,0,255,0,0,0,0,0,0,0,0,0,0,255,255,0,0,0,255,0,0,0,0,0,0,0,0,0,0,255,255,0,0,127,255,0,0,0,0,0,0,0,0,0,0,255,255,135,235,255,255,0,0,0,0,0,0,0,0,0,0,0,255,255,255,255,255,0,0,0,0,0,0,0,0,0,0,0,255,255,222,235,255,0,0,0,0,0,0,0,0,0,0,0,0,0,0,0,255,0,0,0,0,0,0,0,0,0,0,0,0,0,0,127,255,0,0,0,0,0,0,0,0,0,0,0,0,0,0,127,255,0,0,0,0,0,0,0,0,0,0,0,0,0,0,255,255,0,0,0,0,0,0,0,0,0,0,0,0,183,183,255,255,0,0,0,0,0,0,0,0,0,0,0,255,255,255,255,255,0,0,0,0,0,0,0,0,0,0,0,255,255,255,167,0,0,0,0,0,0
9,0,0,0,0,0,255,255,255,255,255,0,0,0,0,0,0,0,0,0,0,255,255,255,255,255,255,255,0,0,0,0,0,0,0,0,0,255,255,0,0,0,18,255,0,0,0,0,0,0,0,0,0,255,255,0,0,0,255,255,0,0,0,0,0,0,0,0,0,255,255,0,0,0,255,255,0,0,0,0,0,0,0,0,0,255,255,0,0,0,255,255,0,0,0,0,0,0,0,0,0,255,255,255,32,255,255,255,0,0,0,0,0,0,0,0,0,0,255,255,255,255,255,255,0,0,0,0,0,0,0,0,0,0,255,255,255,255,255,255,0,0,0,0,0,0,0,0,0,0,0,0,0,0,255,255,0,0,0,0,0,0,0,0,0,0,0,0,0,0,255,255,0,0,0,0,0,0,0,0,0,0,0,0,0,0,255,255,0,0,0,0,0,0,0,0,0,0,0,0,0,0,255,255,0,0,0,0,0,0,0,0,0,0,0,175,0,0,255,255,0,0,0,0,0,0,0,0,0,0,255,255,255,255,255,255,0,0,0,0,0,0,0,0,0,0,255,255,255,255,255,0,0,0,0,0,0
